id;ensembles_name;ensembles_code;ID_Canonico;Existe_en_Tabla;conteo_S;conteo_A;conteo_T;conteo_B;conteo_C;total_voces;firma_frecuencias;etiqueta_familia;notas_reglas
1;SATB Choir;SATB;SATB;1;1;1;1;1;0;4;S1A1T1B1;SATB_MIXED_4V;-
2;Women's Choir;SSAA;SSAA;1;2;2;0;0;0;4;S2A2;SSAA_FEMALE_4V;-
3;Men's Choir;TTBB;TTBB;1;0;0;2;2;0;4;T2B2;TTBB_MALE_4V;-
4;Children's Choir;CHILD;INVALID_OR_INSTRUMENTAL;0;0;0;0;0;0;0;-;-;SIN_VOZES_IDENTIFICABLES
5;Soprano-Alto-Bass;SAB;SAB;1;1;1;0;1;0;3;S1A1B1;SAB_MIXED_3V;-
6;Soprano-Alto;SA;SA;1;1;1;0;0;0;2;S1A1;SA_FEMALE_2V;-
8;Unison;UNISON;INVALID_OR_INSTRUMENTAL;0;0;0;0;0;0;0;-;-;SIN_VOZES_IDENTIFICABLES
9;Mixed Choir;MIXED;INVALID_OR_INSTRUMENTAL;0;0;0;0;0;0;0;-;-;SIN_VOZES_IDENTIFICABLES
393;A cappella;A_CAPP;INVALID_OR_INSTRUMENTAL;0;0;0;0;0;0;0;-;-;MODIFICADOR_ELIMINADO
394;aa;AA;AA;1;0;2;0;0;0;2;A2;AA_INNER_2V;-
395;aaa;AAA;AAA;1;0;3;0;0;0;3;A3;AAA_INNER_3V;-
396;aaaaaabbb;AAAAAABBB;AAAAAABBB;1;0;6;0;3;0;9;A6B3;AAAAAABBB_ALT_MALE_9V;-
397;aaaab;AAAAB;AAAAB;1;0;4;0;1;0;5;A4B1;AAAAB_ALT_MALE_5V;-
398;aaaat;AAAAT;AAAAT;1;0;4;1;0;0;5;A4T1;AAAAT_INNER_5V;-
399;aaaattbb;AAAATTBB;AAAATTBB;1;0;4;2;2;0;8;A4T2B2;AAAATTBB_ALT_MALE_8V;-
400;aaab;AAAB;AAAB;1;0;3;0;1;0;4;A3B1;AAAB_ALT_MALE_4V;-
401;aaat;AAAT;AAAT;1;0;3;1;0;0;4;A3T1;AAAT_INNER_4V;-
402;aaatb;AAATB;AAATB;1;0;3;1;1;0;5;A3T1B1;AAATB_ALT_MALE_5V;-
403;aaatbarb;AAATBARB;AAATB;1;0;3;1;1;0;5;A3T1B1;AAATB_ALT_MALE_5V;-
404;aaatbb;AAATBB;AAATBB;1;0;3;1;2;0;6;A3T1B2;AAATBB_ALT_MALE_6V;-
405;aaatbbb;AAATBBB;AAATBBB;1;0;3;1;3;0;7;A3T1B3;AAATBBB_ALT_MALE_7V;-
406;aaattb;AAATTB;AAATTB;1;0;3;2;1;0;6;A3T2B1;AAATTB_ALT_MALE_6V;-
407;aaattbb;AAATTBB;AAATTBB;1;0;3;2;2;0;7;A3T2B2;AAATTBB_ALT_MALE_7V;-
408;aaatttb;AAATTTB;AAATTTB;1;0;3;3;1;0;7;A3T3B1;AAATTTB_ALT_MALE_7V;-
409;aaatttbarbarbarbbb;AAATTTBARBARBARBBB;AAATTTBBBBB;0;0;3;3;5;0;11;A3T3B5;AAATTTBBBBB_ALT_MALE_11V;-
410;aaatttbarbb;AAATTTBARBB;AAATTTBB;1;0;3;3;2;0;8;A3T3B2;AAATTTBB_ALT_MALE_8V;-
411;aaatttbb;AAATTTBB;AAATTTBB;1;0;3;3;2;0;8;A3T3B2;AAATTTBB_ALT_MALE_8V;-
412;aaatttbbb;AAATTTBBB;AAATTTBBB;1;0;3;3;3;0;9;A3T3B3;AAATTTBBB_ALT_MALE_9V;-
413;aaatttbbbbbb;AAATTTBBBBBB;AAATTTBBBBBB;1;0;3;3;6;0;12;A3T3B6;AAATTTBBBBBB_ALT_MALE_12V;-
414;aaattttttbbb;AAATTTTTTBBB;AAATTTTTTBBB;1;0;3;6;3;0;12;A3T6B3;AAATTTTTTBBB_ALT_MALE_12V;-
415;aab;AAB;AAB;1;0;2;0;1;0;3;A2B1;AAB_ALT_MALE_3V;-
416;aabb;AABB;AABB;1;0;2;0;2;0;4;A2B2;AABB_ALT_MALE_4V;-
417;aat;AAT;AAT;1;0;2;1;0;0;3;A2T1;AAT_INNER_3V;-
418;aata;AATA;AAAT;1;0;3;1;0;0;4;A3T1;AAAT_INNER_4V;-
419;aatb;AATB;AATB;1;0;2;1;1;0;4;A2T1B1;AATB_ALT_MALE_4V;-
420;aatbarb;AATBARB;AATB;1;0;2;1;1;0;4;A2T1B1;AATB_ALT_MALE_4V;-
421;aatbarbarb;AATBARBARB;AATBBB;1;0;2;1;3;0;6;A2T1B3;AATBBB_ALT_MALE_6V;-
422;aatbarbarbb;AATBARBARBB;AATBBBB;1;0;2;1;4;0;7;A2T1B4;AATBBBB_ALT_MALE_7V;-
423;aatbarbb;AATBARBB;AATBB;1;0;2;1;2;0;5;A2T1B2;AATBB_ALT_MALE_5V;-
424;aatbb;AATBB;AATBB;1;0;2;1;2;0;5;A2T1B2;AATBB_ALT_MALE_5V;-
425;aatbbb;AATBBB;AATBBB;1;0;2;1;3;0;6;A2T1B3;AATBBB_ALT_MALE_6V;-
426;aatbbbb;AATBBBB;AATBBBB;1;0;2;1;4;0;7;A2T1B4;AATBBBB_ALT_MALE_7V;-
427;aatt;AATT;AATT;1;0;2;2;0;0;4;A2T2;AATT_INNER_4V;-
428;aattb;AATTB;AATTB;1;0;2;2;1;0;5;A2T2B1;AATTB_ALT_MALE_5V;-
429;aattbarb;AATTBARB;AATTB;1;0;2;2;1;0;5;A2T2B1;AATTB_ALT_MALE_5V;-
430;aattbarbarb;AATTBARBARB;AATTBBB;1;0;2;2;3;0;7;A2T2B3;AATTBBB_ALT_MALE_7V;-
431;aattbarbarbb;AATTBARBARBB;AATTBBBB;1;0;2;2;4;0;8;A2T2B4;AATTBBBB_ALT_MALE_8V;-
432;aattbarbarbbb;AATTBARBARBBB;AATTBBBBB;1;0;2;2;5;0;9;A2T2B5;AATTBBBBB_ALT_MALE_9V;-
433;aattbarbb;AATTBARBB;AATTBB;1;0;2;2;2;0;6;A2T2B2;AATTBB_ALT_MALE_6V;-
434;aattbb;AATTBB;AATTBB;1;0;2;2;2;0;6;A2T2B2;AATTBB_ALT_MALE_6V;-
435;aattbbb;AATTBBB;AATTBBB;1;0;2;2;3;0;7;A2T2B3;AATTBBB_ALT_MALE_7V;-
436;aattbbbb;AATTBBBB;AATTBBBB;1;0;2;2;4;0;8;A2T2B4;AATTBBBB_ALT_MALE_8V;-
437;aattbbbbb;AATTBBBBB;AATTBBBBB;1;0;2;2;5;0;9;A2T2B5;AATTBBBBB_ALT_MALE_9V;-
438;aatttb;AATTTB;AATTTB;1;0;2;3;1;0;6;A2T3B1;AATTTB_ALT_MALE_6V;-
439;aatttbarb;AATTTBARB;AATTTB;1;0;2;3;1;0;6;A2T3B1;AATTTB_ALT_MALE_6V;-
440;aatttbb;AATTTBB;AATTTBB;1;0;2;3;2;0;7;A2T3B2;AATTTBB_ALT_MALE_7V;-
441;aattttbarb;AATTTTBARB;AATTTTB;0;0;2;4;1;0;7;A2T4B1;AATTTTB_ALT_MALE_7V;-
442;aattttbb;AATTTTBB;AATTTTBB;1;0;2;4;2;0;8;A2T4B2;AATTTTBB_ALT_MALE_8V;-
443;aattttbbbb;AATTTTBBBB;AATTTTBBBB;1;0;2;4;4;0;10;A2T4B4;AATTTTBBBB_ALT_MALE_10V;-
444;ab;AB;AB;1;0;1;0;1;0;2;A1B1;AB_ALT_MALE_2V;-
445;abb;ABB;ABB;1;0;1;0;2;0;3;A1B2;ABB_ALT_MALE_3V;-
446;abrbb;ABRBB;ABB;1;0;1;0;2;0;3;A1B2;ABB_ALT_MALE_3V;-
447;at;AT;AT;1;0;1;1;0;0;2;A1T1;AT_INNER_2V;-
448;atb;ATB;ATB;1;0;1;1;1;0;3;A1T1B1;ATB_ALT_MALE_3V;-
449;atbar;ATBAR;ATB;1;0;1;1;1;0;3;A1T1B1;ATB_ALT_MALE_3V;-
450;atbarb;ATBARB;ATB;1;0;1;1;1;0;3;A1T1B1;ATB_ALT_MALE_3V;-
451;atbarbarb;ATBARBARB;ATBBB;1;0;1;1;3;0;5;A1T1B3;ATBBB_ALT_MALE_5V;-
452;atbarbarbarb;ATBARBARBARB;ATBBB;1;0;1;1;3;0;5;A1T1B3;ATBBB_ALT_MALE_5V;-
453;atbarbarbarbb;ATBARBARBARBB;ATBBBB;1;0;1;1;4;0;6;A1T1B4;ATBBBB_ALT_MALE_6V;-
454;atbarbarbb;ATBARBARBB;ATBBBB;1;0;1;1;4;0;6;A1T1B4;ATBBBB_ALT_MALE_6V;-
455;atbarbb;ATBARBB;ATBB;1;0;1;1;2;0;4;A1T1B2;ATBB_ALT_MALE_4V;-
456;atbb;ATBB;ATBB;1;0;1;1;2;0;4;A1T1B2;ATBB_ALT_MALE_4V;-
457;atbbb;ATBBB;ATBBB;1;0;1;1;3;0;5;A1T1B3;ATBBB_ALT_MALE_5V;-
458;atbbbb;ATBBBB;ATBBBB;1;0;1;1;4;0;6;A1T1B4;ATBBBB_ALT_MALE_6V;-
459;atbbbbb;ATBBBBB;ATBBBBB;1;0;1;1;5;0;7;A1T1B5;ATBBBBB_ALT_MALE_7V;-
460;atbrb;ATBRB;ATB;1;0;1;1;1;0;3;A1T1B1;ATB_ALT_MALE_3V;-
461;atbrbrb;ATBRBRB;ATBB;1;0;1;1;2;0;4;A1T1B2;ATBB_ALT_MALE_4V;-
462;att;ATT;ATT;1;0;1;2;0;0;3;A1T2;ATT_INNER_3V;-
463;attb;ATTB;ATTB;1;0;1;2;1;0;4;A1T2B1;ATTB_ALT_MALE_4V;-
464;attbarb;ATTBARB;ATTB;1;0;1;2;1;0;4;A1T2B1;ATTB_ALT_MALE_4V;-
465;attbarbarb;ATTBARBARB;ATTBBB;1;0;1;2;3;0;6;A1T2B3;ATTBBB_ALT_MALE_6V;-
466;attbarbarbb;ATTBARBARBB;ATTBBBB;1;0;1;2;4;0;7;A1T2B4;ATTBBBB_ALT_MALE_7V;-
467;attbarbb;ATTBARBB;ATTBB;1;0;1;2;2;0;5;A1T2B2;ATTBB_ALT_MALE_5V;-
468;attbb;ATTBB;ATTBB;1;0;1;2;2;0;5;A1T2B2;ATTBB_ALT_MALE_5V;-
469;attbbb;ATTBBB;ATTBBB;1;0;1;2;3;0;6;A1T2B3;ATTBBB_ALT_MALE_6V;-
470;attbbbb;ATTBBBB;ATTBBBB;1;0;1;2;4;0;7;A1T2B4;ATTBBBB_ALT_MALE_7V;-
471;attt;ATTT;ATTT;1;0;1;3;0;0;4;A1T3;ATTT_INNER_4V;-
472;atttb;ATTTB;ATTTB;1;0;1;3;1;0;5;A1T3B1;ATTTB_ALT_MALE_5V;-
473;atttbarb;ATTTBARB;ATTTB;1;0;1;3;1;0;5;A1T3B1;ATTTB_ALT_MALE_5V;-
474;atttbb;ATTTBB;ATTTBB;1;0;1;3;2;0;6;A1T3B2;ATTTBB_ALT_MALE_6V;-
475;attttb;ATTTTB;ATTTTB;1;0;1;4;1;0;6;A1T4B1;ATTTTB_ALT_MALE_6V;-
476;attttbb;ATTTTBB;ATTTTBB;1;0;1;4;2;0;7;A1T4B2;ATTTTBB_ALT_MALE_7V;-
477;atttttbb;ATTTTTBB;ATTTTTBB;1;0;1;5;2;0;8;A1T5B2;ATTTTTBB_ALT_MALE_8V;-
478;bar;BAR;B;1;0;0;0;1;0;1;B1;B_MALE_1V;LETRA_ACEPTADA:B
479;barbarbarbbbb;BARBARBARBBBB;BBBBBB;0;0;0;0;6;0;6;B6;BBBBBB_MALE_6V;-
480;barttb;BARTTB;TTBB;1;0;0;2;2;0;4;T2B2;TTBB_MALE_4V;-
481;bb;BB;BB;1;0;0;0;2;0;2;B2;BB_MALE_2V;-
482;bbb;BBB;BBB;1;0;0;0;3;0;3;B3;BBB_MALE_3V;-
483;bbbb;BBBB;BBBB;1;0;0;0;4;0;4;B4;BBBB_MALE_4V;-
484;bbbbbbb;BBBBBBB;BBBBBBB;1;0;0;0;7;0;7;B7;BBBBBBB_MALE_7V;-
485;brass;BRASS;B;1;0;0;0;1;0;1;B1;B_MALE_1V;-
486;bttb;BTTB;TTBB;1;0;0;2;2;0;4;T2B2;TTBB_MALE_4V;-
487;saa;SAA;SAA;1;1;2;0;0;0;3;S1A2;SAA_FEMALE_3V;-
488;saaaa;SAAAA;SAAAA;1;1;4;0;0;0;5;S1A4;SAAAA_FEMALE_5V;-
489;saaaab;SAAAAB;SAAAAB;1;1;4;0;1;0;6;S1A4B1;SAAAAB_MIXED_6V;-
490;saaab;SAAAB;SAAAB;1;1;3;0;1;0;5;S1A3B1;SAAAB_MIXED_5V;-
491;saaat;SAAAT;SAAAT;1;1;3;1;0;0;5;S1A3T1;SAAAT_FEMALE_5V;-
492;saaatb;SAAATB;SAAATB;1;1;3;1;1;0;6;S1A3T1B1;SAAATB_MIXED_6V;-
493;saaatbarb;SAAATBARB;SAAATB;1;1;3;1;1;0;6;S1A3T1B1;SAAATB_MIXED_6V;-
494;saaatbb;SAAATBB;SAAATBB;1;1;3;1;2;0;7;S1A3T1B2;SAAATBB_MIXED_7V;-
495;saaatt;SAAATT;SAAATT;1;1;3;2;0;0;6;S1A3T2;SAAATT_FEMALE_6V;-
496;saaattb;SAAATTB;SAAATTB;1;1;3;2;1;0;7;S1A3T2B1;SAAATTB_MIXED_7V;-
497;saaattbb;SAAATTBB;SAAATTBB;1;1;3;2;2;0;8;S1A3T2B2;SAAATTBB_MIXED_8V;-
498;saab;SAAB;SAAB;1;1;2;0;1;0;4;S1A2B1;SAAB_MIXED_4V;-
499;saabar;SAABAR;SAAB;1;1;2;0;1;0;4;S1A2B1;SAAB_MIXED_4V;-
500;saabb;SAABB;SAABB;1;1;2;0;2;0;5;S1A2B2;SAABB_MIXED_5V;-
501;saat;SAAT;SAAT;1;1;2;1;0;0;4;S1A2T1;SAAT_FEMALE_4V;-
502;saatb;SAATB;SAATB;1;1;2;1;1;0;5;S1A2T1B1;SAATB_MIXED_5V;-
503;saatbarb;SAATBARB;SAATB;1;1;2;1;1;0;5;S1A2T1B1;SAATB_MIXED_5V;-
504;saatbb;SAATBB;SAATBB;1;1;2;1;2;0;6;S1A2T1B2;SAATBB_MIXED_6V;-
505;saatbrb;SAATBRB;SAATB;1;1;2;1;1;0;5;S1A2T1B1;SAATB_MIXED_5V;-
506;saatt;SAATT;SAATT;1;1;2;2;0;0;5;S1A2T2;SAATT_FEMALE_5V;-
507;saattb;SAATTB;SAATTB;1;1;2;2;1;0;6;S1A2T2B1;SAATTB_MIXED_6V;-
508;saattbarb;SAATTBARB;SAATTB;1;1;2;2;1;0;6;S1A2T2B1;SAATTB_MIXED_6V;-
509;saattbb;SAATTBB;SAATTBB;1;1;2;2;2;0;7;S1A2T2B2;SAATTBB_MIXED_7V;-
510;saattt;SAATTT;SAATTT;1;1;2;3;0;0;6;S1A2T3;SAATTT_FEMALE_6V;-
511;saatttb;SAATTTB;SAATTTB;1;1;2;3;1;0;7;S1A2T3B1;SAATTTB_MIXED_7V;-
512;saatttbb;SAATTTBB;SAATTTBB;1;1;2;3;2;0;8;S1A2T3B2;SAATTTBB_MIXED_8V;-
513;saattttbb;SAATTTTBB;SAATTTTBB;1;1;2;4;2;0;9;S1A2T4B2;SAATTTTBB_MIXED_9V;-
514;sabar;SABAR;SAB;1;1;1;0;1;0;3;S1A1B1;SAB_MIXED_3V;-
515;sabb;SABB;SABB;1;1;1;0;2;0;4;S1A1B2;SABB_MIXED_4V;-
516;sat;SAT;SAT;1;1;1;1;0;0;3;S1A1T1;SAT_FEMALE_3V;-
517;satab;SATAB;SAATB;1;1;2;1;1;0;5;S1A2T1B1;SAATB_MIXED_5V;-
518;satbar;SATBAR;SATB;1;1;1;1;1;0;4;S1A1T1B1;SATB_MIXED_4V;-
519;satbarb;SATBARB;SATB;1;1;1;1;1;0;4;S1A1T1B1;SATB_MIXED_4V;-
520;satbarbarb;SATBARBARB;SATBBB;1;1;1;1;3;0;6;S1A1T1B3;SATBBB_MIXED_6V;-
521;satbarbb;SATBARBB;SATBB;1;1;1;1;2;0;5;S1A1T1B2;SATBB_MIXED_5V;-
522;satbb;SATBB;SATBB;1;1;1;1;2;0;5;S1A1T1B2;SATBB_MIXED_5V;-
523;satbbb;SATBBB;SATBBB;1;1;1;1;3;0;6;S1A1T1B3;SATBBB_MIXED_6V;-
524;satbrb;SATBRB;SATB;1;1;1;1;1;0;4;S1A1T1B1;SATB_MIXED_4V;-
525;satbtb;SATBTB;SATTBB;1;1;1;2;2;0;6;S1A1T2B2;SATTBB_MIXED_6V;-
526;satt;SATT;SATT;1;1;1;2;0;0;4;S1A1T2;SATT_FEMALE_4V;-
527;sattatb;SATTATB;SAATTTB;1;1;2;3;1;0;7;S1A2T3B1;SAATTTB_MIXED_7V;-
528;sattb;SATTB;SATTB;1;1;1;2;1;0;5;S1A1T2B1;SATTB_MIXED_5V;-
529;sattbarb;SATTBARB;SATTB;1;1;1;2;1;0;5;S1A1T2B1;SATTB_MIXED_5V;-
530;sattbarbarb;SATTBARBARB;SATTBBB;1;1;1;2;3;0;7;S1A1T2B3;SATTBBB_MIXED_7V;-
531;sattbarbb;SATTBARBB;SATTBB;1;1;1;2;2;0;6;S1A1T2B2;SATTBB_MIXED_6V;-
532;sattbb;SATTBB;SATTBB;1;1;1;2;2;0;6;S1A1T2B2;SATTBB_MIXED_6V;-
533;sattbbb;SATTBBB;SATTBBB;1;1;1;2;3;0;7;S1A1T2B3;SATTBBB_MIXED_7V;-
534;sattt;SATTT;SATTT;1;1;1;3;0;0;5;S1A1T3;SATTT_FEMALE_5V;-
535;satttb;SATTTB;SATTTB;1;1;1;3;1;0;6;S1A1T3B1;SATTTB_MIXED_6V;-
536;satttbarb;SATTTBARB;SATTTB;1;1;1;3;1;0;6;S1A1T3B1;SATTTB_MIXED_6V;-
537;satttbb;SATTTBB;SATTTBB;1;1;1;3;2;0;7;S1A1T3B2;SATTTBB_MIXED_7V;-
538;satttbbb;SATTTBBB;SATTTBBB;1;1;1;3;3;0;8;S1A1T3B3;SATTTBBB_MIXED_8V;-
539;satttt;SATTTT;SATTTT;1;1;1;4;0;0;6;S1A1T4;SATTTT_FEMALE_6V;-
540;sattttb;SATTTTB;SATTTTB;1;1;1;4;1;0;7;S1A1T4B1;SATTTTB_MIXED_7V;-
541;sattttbb;SATTTTBB;SATTTTBB;1;1;1;4;2;0;8;S1A1T4B2;SATTTTBB_MIXED_8V;-
542;sb;SB;SB;1;1;0;0;1;0;2;S1B1;SB_MIXED_2V;-
543;sbar;SBAR;SB;1;1;0;0;1;0;2;S1B1;SB_MIXED_2V;-
544;sbb;SBB;SBB;1;1;0;0;2;0;3;S1B2;SBB_MIXED_3V;-
545;sbbb;SBBB;SBBB;1;1;0;0;3;0;4;S1B3;SBBB_MIXED_4V;-
546;sbbbb;SBBBB;SBBBB;1;1;0;0;4;0;5;S1B4;SBBBB_MIXED_5V;-
547;ss;SS;SS;1;2;0;0;0;0;2;S2;SS_FEMALE_2V;-
548;ssa;SSA;SSA;1;2;1;0;0;0;3;S2A1;SSA_FEMALE_3V;-
549;ssaaa;SSAAA;SSAAA;1;2;3;0;0;0;5;S2A3;SSAAA_FEMALE_5V;-
550;ssaaaabb;SSAAAABB;SSAAAABB;1;2;4;0;2;0;8;S2A4B2;SSAAAABB_MIXED_8V;-
551;ssaaaat;SSAAAAT;SSAAAAT;1;2;4;1;0;0;7;S2A4T1;SSAAAAT_FEMALE_7V;-
552;ssaaaattbb;SSAAAATTBB;SSAAAATTBB;1;2;4;2;2;0;10;S2A4T2B2;SSAAAATTBB_MIXED_10V;-
553;ssaaab;SSAAAB;SSAAAB;1;2;3;0;1;0;6;S2A3B1;SSAAAB_MIXED_6V;-
554;ssaaabb;SSAAABB;SSAAABB;1;2;3;0;2;0;7;S2A3B2;SSAAABB_MIXED_7V;-
555;ssaaat;SSAAAT;SSAAAT;1;2;3;1;0;0;6;S2A3T1;SSAAAT_FEMALE_6V;-
556;ssaaatb;SSAAATB;SSAAATB;1;2;3;1;1;0;7;S2A3T1B1;SSAAATB_MIXED_7V;-
557;ssaaatbb;SSAAATBB;SSAAATBB;1;2;3;1;2;0;8;S2A3T1B2;SSAAATBB_MIXED_8V;-
558;ssaaattb;SSAAATTB;SSAAATTB;1;2;3;2;1;0;8;S2A3T2B1;SSAAATTB_MIXED_8V;-
559;ssaaattbb;SSAAATTBB;SSAAATTBB;1;2;3;2;2;0;9;S2A3T2B2;SSAAATTBB_MIXED_9V;-
560;ssaaattbbb;SSAAATTBBB;SSAAATTBBB;1;2;3;2;3;0;10;S2A3T2B3;SSAAATTBBB_MIXED_10V;-
561;ssaaatttb;SSAAATTTB;SSAAATTTB;1;2;3;3;1;0;9;S2A3T3B1;SSAAATTTB_MIXED_9V;-
562;ssaaatttbb;SSAAATTTBB;SSAAATTTBB;1;2;3;3;2;0;10;S2A3T3B2;SSAAATTTBB_MIXED_10V;-
563;ssaaatttbbb;SSAAATTTBBB;SSAAATTTBBB;1;2;3;3;3;0;11;S2A3T3B3;SSAAATTTBBB_MIXED_11V;-
564;ssaaatttbbbb;SSAAATTTBBBB;SSAAATTTBBBB;1;2;3;3;4;0;12;S2A3T3B4;SSAAATTTBBBB_MIXED_12V;-
565;ssaaattttbbb;SSAAATTTTBBB;SSAAATTTTBBB;1;2;3;4;3;0;12;S2A3T4B3;SSAAATTTTBBB_MIXED_12V;-
566;ssaaattttttb;SSAAATTTTTTB;SSAAATTTTTTB;1;2;3;6;1;0;12;S2A3T6B1;SSAAATTTTTTB_MIXED_12V;-
567;ssaab;SSAAB;SSAAB;1;2;2;0;1;0;5;S2A2B1;SSAAB_MIXED_5V;-
568;ssaabb;SSAABB;SSAABB;1;2;2;0;2;0;6;S2A2B2;SSAABB_MIXED_6V;-
569;ssaat;SSAAT;SSAAT;1;2;2;1;0;0;5;S2A2T1;SSAAT_FEMALE_5V;-
570;ssaatb;SSAATB;SSAATB;1;2;2;1;1;0;6;S2A2T1B1;SSAATB_MIXED_6V;-
571;ssaatbarb;SSAATBARB;SSAATB;1;2;2;1;1;0;6;S2A2T1B1;SSAATB_MIXED_6V;-
572;ssaatbarbb;SSAATBARBB;SSAATBB;1;2;2;1;2;0;7;S2A2T1B2;SSAATBB_MIXED_7V;-
573;ssaatbb;SSAATBB;SSAATBB;1;2;2;1;2;0;7;S2A2T1B2;SSAATBB_MIXED_7V;-
574;ssaatbbb;SSAATBBB;SSAATBBB;1;2;2;1;3;0;8;S2A2T1B3;SSAATBBB_MIXED_8V;-
575;ssaatt;SSAATT;SSAATT;1;2;2;2;0;0;6;S2A2T2;SSAATT_FEMALE_6V;-
576;ssaattb;SSAATTB;SSAATTB;1;2;2;2;1;0;7;S2A2T2B1;SSAATTB_MIXED_7V;-
577;ssaattbarb;SSAATTBARB;SSAATTB;1;2;2;2;1;0;7;S2A2T2B1;SSAATTB_MIXED_7V;-
578;ssaattbarbb;SSAATTBARBB;SSAATTBB;1;2;2;2;2;0;8;S2A2T2B2;SSAATTBB_MIXED_8V;-
579;ssaattbb;SSAATTBB;SSAATTBB;1;2;2;2;2;0;8;S2A2T2B2;SSAATTBB_MIXED_8V;-
580;ssaattbbb;SSAATTBBB;SSAATTBBB;1;2;2;2;3;0;9;S2A2T2B3;SSAATTBBB_MIXED_9V;-
581;ssaattbbbb;SSAATTBBBB;SSAATTBBBB;1;2;2;2;4;0;10;S2A2T2B4;SSAATTBBBB_MIXED_10V;-
582;ssaattbbssaattbb;SSAATTBBSSAATTBB;SSSSAAAATTTTBBBB;1;4;4;4;4;0;16;S4A4T4B4;SSSSAAAATTTTBBBB_MIXED_16V;-
583;ssaatttb;SSAATTTB;SSAATTTB;1;2;2;3;1;0;8;S2A2T3B1;SSAATTTB_MIXED_8V;-
584;ssaatttbarbarbb;SSAATTTBARBARBB;SSAATTTBBBB;1;2;2;3;4;0;11;S2A2T3B4;SSAATTTBBBB_MIXED_11V;-
585;ssaatttbb;SSAATTTBB;SSAATTTBB;1;2;2;3;2;0;9;S2A2T3B2;SSAATTTBB_MIXED_9V;-
586;ssaatttbbb;SSAATTTBBB;SSAATTTBBB;1;2;2;3;3;0;10;S2A2T3B3;SSAATTTBBB_MIXED_10V;-
587;ssaatttbbbb;SSAATTTBBBB;SSAATTTBBBB;1;2;2;3;4;0;11;S2A2T3B4;SSAATTTBBBB_MIXED_11V;-
588;ssaatttt;SSAATTTT;SSAATTTT;1;2;2;4;0;0;8;S2A2T4;SSAATTTT_FEMALE_8V;-
589;ssaattttbb;SSAATTTTBB;SSAATTTTBB;1;2;2;4;2;0;10;S2A2T4B2;SSAATTTTBB_MIXED_10V;-
590;ssaatttttbb;SSAATTTTTBB;SSAATTTTTBB;1;2;2;5;2;0;11;S2A2T5B2;SSAATTTTTBB_MIXED_11V;-
591;ssab;SSAB;SSAB;1;2;1;0;1;0;4;S2A1B1;SSAB_MIXED_4V;-
592;ssabar;SSABAR;SSAB;1;2;1;0;1;0;4;S2A1B1;SSAB_MIXED_4V;-
593;ssat;SSAT;SSAT;1;2;1;1;0;0;4;S2A1T1;SSAT_FEMALE_4V;-
594;ssatb;SSATB;SSATB;1;2;1;1;1;0;5;S2A1T1B1;SSATB_MIXED_5V;-
595;ssatbar;SSATBAR;SSATB;1;2;1;1;1;0;5;S2A1T1B1;SSATB_MIXED_5V;-
596;ssatbarb;SSATBARB;SSATB;1;2;1;1;1;0;5;S2A1T1B1;SSATB_MIXED_5V;-
597;ssatbarbarb;SSATBARBARB;SSATBBB;1;2;1;1;3;0;7;S2A1T1B3;SSATBBB_MIXED_7V;-
598;ssatbb;SSATBB;SSATBB;1;2;1;1;2;0;6;S2A1T1B2;SSATBB_MIXED_6V;-
599;ssatbbb;SSATBBB;SSATBBB;1;2;1;1;3;0;7;S2A1T1B3;SSATBBB_MIXED_7V;-
600;ssatt;SSATT;SSATT;1;2;1;2;0;0;5;S2A1T2;SSATT_FEMALE_5V;-
601;ssattb;SSATTB;SSATTB;1;2;1;2;1;0;6;S2A1T2B1;SSATTB_MIXED_6V;-
602;ssattbarb;SSATTBARB;SSATTB;1;2;1;2;1;0;6;S2A1T2B1;SSATTB_MIXED_6V;-
603;ssattbb;SSATTBB;SSATTBB;1;2;1;2;2;0;7;S2A1T2B2;SSATTBB_MIXED_7V;-
604;ssattbbb;SSATTBBB;SSATTBBB;1;2;1;2;3;0;8;S2A1T2B3;SSATTBBB_MIXED_8V;-
605;ssattt;SSATTT;SSATTT;1;2;1;3;0;0;6;S2A1T3;SSATTT_FEMALE_6V;-
606;ssatttb;SSATTTB;SSATTTB;1;2;1;3;1;0;7;S2A1T3B1;SSATTTB_MIXED_7V;-
607;ssatttbarb;SSATTTBARB;SSATTTB;1;2;1;3;1;0;7;S2A1T3B1;SSATTTB_MIXED_7V;-
608;ssatttbb;SSATTTBB;SSATTTBB;1;2;1;3;2;0;8;S2A1T3B2;SSATTTBB_MIXED_8V;-
609;ssattttbb;SSATTTTBB;SSATTTTBB;1;2;1;4;2;0;9;S2A1T4B2;SSATTTTBB_MIXED_9V;-
610;ssattttbbb;SSATTTTBBB;SSATTTTBBB;1;2;1;4;3;0;10;S2A1T4B3;SSATTTTBBB_MIXED_10V;-
611;ssb;SSB;SSB;1;2;0;0;1;0;3;S2B1;SSB_MIXED_3V;-
612;ssbar;SSBAR;SSB;1;2;0;0;1;0;3;S2B1;SSB_MIXED_3V;-
613;ssbarb;SSBARB;SSB;1;2;0;0;1;0;3;S2B1;SSB_MIXED_3V;-
614;ssbb;SSBB;SSBB;1;2;0;0;2;0;4;S2B2;SSBB_MIXED_4V;-
615;sss;SSS;SSS;1;3;0;0;0;0;3;S3;SSS_FEMALE_3V;-
616;sssa;SSSA;SSSA;1;3;1;0;0;0;4;S3A1;SSSA_FEMALE_4V;-
617;sssaa;SSSAA;SSSAA;1;3;2;0;0;0;5;S3A2;SSSAA_FEMALE_5V;-
618;sssaaa;SSSAAA;SSSAAA;1;3;3;0;0;0;6;S3A3;SSSAAA_FEMALE_6V;-
619;sssaaaatttbb;SSSAAAATTTBB;SSSAAAATTTBB;1;3;4;3;2;0;12;S3A4T3B2;SSSAAAATTTBB_MIXED_12V;-
620;sssaaattt;SSSAAATTT;SSSAAATTT;1;3;3;3;0;0;9;S3A3T3;SSSAAATTT_FEMALE_9V;-
621;sssaaatttbbb;SSSAAATTTBBB;SSSAAATTTBBB;1;3;3;3;3;0;12;S3A3T3B3;SSSAAATTTBBB_MIXED_12V;-
622;sssaaattttbb;SSSAAATTTTBB;SSSAAATTTTBB;1;3;3;4;2;0;12;S3A3T4B2;SSSAAATTTTBB_MIXED_12V;-
623;sssaaattttbbb;SSSAAATTTTBBB;SSSAAATTTTBBB;1;3;3;4;3;0;13;S3A3T4B3;SSSAAATTTTBBB_MIXED_13V;-
624;sssaaatttttbb;SSSAAATTTTTBB;SSSAAATTTTTBB;1;3;3;5;2;0;13;S3A3T5B2;SSSAAATTTTTBB_MIXED_13V;-
625;sssaab;SSSAAB;SSSAAB;1;3;2;0;1;0;6;S3A2B1;SSSAAB_MIXED_6V;-
626;sssaat;SSSAAT;SSSAAT;1;3;2;1;0;0;6;S3A2T1;SSSAAT_FEMALE_6V;-
627;sssaatb;SSSAATB;SSSAATB;1;3;2;1;1;0;7;S3A2T1B1;SSSAATB_MIXED_7V;-
628;sssaatbb;SSSAATBB;SSSAATBB;1;3;2;1;2;0;8;S3A2T1B2;SSSAATBB_MIXED_8V;-
629;sssaatt;SSSAATT;SSSAATT;1;3;2;2;0;0;7;S3A2T2;SSSAATT_FEMALE_7V;-
630;sssaattb;SSSAATTB;SSSAATTB;1;3;2;2;1;0;8;S3A2T2B1;SSSAATTB_MIXED_8V;-
631;sssaattbb;SSSAATTBB;SSSAATTBB;1;3;2;2;2;0;9;S3A2T2B2;SSSAATTBB_MIXED_9V;-
632;sssaattbbb;SSSAATTBBB;SSSAATTBBB;1;3;2;2;3;0;10;S3A2T2B3;SSSAATTBBB_MIXED_10V;-
633;sssaatttb;SSSAATTTB;SSSAATTTB;1;3;2;3;1;0;9;S3A2T3B1;SSSAATTTB_MIXED_9V;-
634;sssaatttbb;SSSAATTTBB;SSSAATTTBB;1;3;2;3;2;0;10;S3A2T3B2;SSSAATTTBB_MIXED_10V;-
635;sssaatttbbbb;SSSAATTTBBBB;SSSAATTTBBBB;1;3;2;3;4;0;12;S3A2T3B4;SSSAATTTBBBB_MIXED_12V;-
636;sssaatttttttttttbbb;SSSAATTTTTTTTTTTBBB;SSSAATTTTTTTTTTTBBB;1;3;2;11;3;0;19;S3A2T11B3;SSSAATTTTTTTTTTTBBB_MIXED_19V;-
637;sssab;SSSAB;SSSAB;1;3;1;0;1;0;5;S3A1B1;SSSAB_MIXED_5V;-
638;sssabb;SSSABB;SSSABB;1;3;1;0;2;0;6;S3A1B2;SSSABB_MIXED_6V;-
639;sssat;SSSAT;SSSAT;1;3;1;1;0;0;5;S3A1T1;SSSAT_FEMALE_5V;-
640;sssatb;SSSATB;SSSATB;1;3;1;1;1;0;6;S3A1T1B1;SSSATB_MIXED_6V;-
641;sssatbb;SSSATBB;SSSATBB;1;3;1;1;2;0;7;S3A1T1B2;SSSATBB_MIXED_7V;-
642;sssatt;SSSATT;SSSATT;1;3;1;2;0;0;6;S3A1T2;SSSATT_FEMALE_6V;-
643;sssattb;SSSATTB;SSSATTB;1;3;1;2;1;0;7;S3A1T2B1;SSSATTB_MIXED_7V;-
644;sssattbb;SSSATTBB;SSSATTBB;1;3;1;2;2;0;8;S3A1T2B2;SSSATTBB_MIXED_8V;-
645;sssattt;SSSATTT;SSSATTT;1;3;1;3;0;0;7;S3A1T3;SSSATTT_FEMALE_7V;-
646;sssatttb;SSSATTTB;SSSATTTB;1;3;1;3;1;0;8;S3A1T3B1;SSSATTTB_MIXED_8V;-
647;sssattttbb;SSSATTTTBB;SSSATTTTBB;1;3;1;4;2;0;10;S3A1T4B2;SSSATTTTBB_MIXED_10V;-
648;sssb;SSSB;SSSB;1;3;0;0;1;0;4;S3B1;SSSB_MIXED_4V;-
649;ssss;SSSS;SSSS;1;4;0;0;0;0;4;S4;SSSS_FEMALE_4V;-
650;ssssa;SSSSA;SSSSA;1;4;1;0;0;0;5;S4A1;SSSSA_FEMALE_5V;-
651;ssssaa;SSSSAA;SSSSAA;1;4;2;0;0;0;6;S4A2;SSSSAA_FEMALE_6V;-
652;ssssaaaa;SSSSAAAA;SSSSAAAA;1;4;4;0;0;0;8;S4A4;SSSSAAAA_FEMALE_8V;-
653;ssssaaaaatbb;SSSSAAAAATBB;SSSSAAAAATBB;1;4;5;1;2;0;12;S4A5T1B2;SSSSAAAAATBB_MIXED_12V;-
654;ssssaaaattbb;SSSSAAAATTBB;SSSSAAAATTBB;1;4;4;2;2;0;12;S4A4T2B2;SSSSAAAATTBB_MIXED_12V;-
655;ssssaaaattttbbb;SSSSAAAATTTTBBB;SSSSAAAATTTTBBB;1;4;4;4;3;0;15;S4A4T4B3;SSSSAAAATTTTBBB_MIXED_15V;-
656;ssssaaaattttbbbb;SSSSAAAATTTTBBBB;SSSSAAAATTTTBBBB;1;4;4;4;4;0;16;S4A4T4B4;SSSSAAAATTTTBBBB_MIXED_16V;-
657;ssssaatbb;SSSSAATBB;SSSSAATBB;1;4;2;1;2;0;9;S4A2T1B2;SSSSAATBB_MIXED_9V;-
658;ssssaattbb;SSSSAATTBB;SSSSAATTBB;1;4;2;2;2;0;10;S4A2T2B2;SSSSAATTBB_MIXED_10V;-
659;ssssaatttb;SSSSAATTTB;SSSSAATTTB;1;4;2;3;1;0;10;S4A2T3B1;SSSSAATTTB_MIXED_10V;-
660;ssssaatttbb;SSSSAATTTBB;SSSSAATTTBB;1;4;2;3;2;0;11;S4A2T3B2;SSSSAATTTBB_MIXED_11V;-
661;ssssat;SSSSAT;SSSSAT;1;4;1;1;0;0;6;S4A1T1;SSSSAT_FEMALE_6V;-
662;ssssatb;SSSSATB;SSSSATB;1;4;1;1;1;0;7;S4A1T1B1;SSSSATB_MIXED_7V;-
663;sssss;SSSSS;SSSSS;1;5;0;0;0;0;5;S5;SSSSS_FEMALE_5V;-
664;sssssaaatttttbb;SSSSSAAATTTTTBB;SSSSSAAATTTTTBB;1;5;3;5;2;0;15;S5A3T5B2;SSSSSAAATTTTTBB_MIXED_15V;-
665;sssssatttbbb;SSSSSATTTBBB;SSSSSATTTBBB;1;5;1;3;3;0;12;S5A1T3B3;SSSSSATTTBBB_MIXED_12V;-
666;ssssssaa;SSSSSSAA;SSSSSSAA;1;6;2;0;0;0;8;S6A2;SSSSSSAA_FEMALE_8V;-
667;ssssssaaaaaattttttbbbbbb;SSSSSSAAAAAATTTTTTBBBBBB;SSSSSSAAAAAATTTTTTBBBBBB;1;6;6;6;6;0;24;S6A6T6B6;SSSSSSAAAAAATTTTTTBBBBBB_MIXED_24V;-
668;sssst;SSSST;SSSST;1;4;0;1;0;0;5;S4T1;SSSST_FEMALE_5V;-
669;sssstttt;SSSSTTTT;SSSSTTTT;1;4;0;4;0;0;8;S4T4;SSSSTTTT_FEMALE_8V;-
670;ssssttttbb;SSSSTTTTBB;SSSSTTTTBB;1;4;0;4;2;0;10;S4T4B2;SSSSTTTTBB_MIXED_10V;-
671;ssst;SSST;SSST;1;3;0;1;0;0;4;S3T1;SSST_FEMALE_4V;-
672;ssstb;SSSTB;SSSTB;1;3;0;1;1;0;5;S3T1B1;SSSTB_MIXED_5V;-
673;ssstt;SSSTT;SSSTT;1;3;0;2;0;0;5;S3T2;SSSTT_FEMALE_5V;-
674;sssttb;SSSTTB;SSSTTB;1;3;0;2;1;0;6;S3T2B1;SSSTTB_MIXED_6V;-
675;sssttttttbbb;SSSTTTTTTBBB;SSSTTTTTTBBB;1;3;0;6;3;0;12;S3T6B3;SSSTTTTTTBBB_MIXED_12V;-
676;sst;SST;SST;1;2;0;1;0;0;3;S2T1;SST_FEMALE_3V;-
677;sstb;SSTB;SSTB;1;2;0;1;1;0;4;S2T1B1;SSTB_MIXED_4V;-
678;sstbarb;SSTBARB;SSTB;1;2;0;1;1;0;4;S2T1B1;SSTB_MIXED_4V;-
679;sstbb;SSTBB;SSTBB;1;2;0;1;2;0;5;S2T1B2;SSTBB_MIXED_5V;-
680;sstt;SSTT;SSTT;1;2;0;2;0;0;4;S2T2;SSTT_FEMALE_4V;-
681;ssttb;SSTTB;SSTTB;1;2;0;2;1;0;5;S2T2B1;SSTTB_MIXED_5V;-
682;ssttbarb;SSTTBARB;SSTTB;1;2;0;2;1;0;5;S2T2B1;SSTTB_MIXED_5V;-
683;ssttbb;SSTTBB;SSTTBB;1;2;0;2;2;0;6;S2T2B2;SSTTBB_MIXED_6V;-
684;ssttbbb;SSTTBBB;SSTTBBB;1;2;0;2;3;0;7;S2T2B3;SSTTBBB_MIXED_7V;-
685;ssttt;SSTTT;SSTTT;1;2;0;3;0;0;5;S2T3;SSTTT_FEMALE_5V;-
686;sstttb;SSTTTB;SSTTTB;1;2;0;3;1;0;6;S2T3B1;SSTTTB_MIXED_6V;-
687;sstttbb;SSTTTBB;SSTTTBB;1;2;0;3;2;0;7;S2T3B2;SSTTTBB_MIXED_7V;-
688;ssttttb;SSTTTTB;SSTTTTB;1;2;0;4;1;0;7;S2T4B1;SSTTTTB_MIXED_7V;-
689;ssttttbb;SSTTTTBB;SSTTTTBB;1;2;0;4;2;0;8;S2T4B2;SSTTTTBB_MIXED_8V;-
690;st;ST;ST;1;1;0;1;0;0;2;S1T1;ST_FEMALE_2V;-
691;sta;STA;SAT;1;1;1;1;0;0;3;S1A1T1;SAT_FEMALE_3V;-
692;stb;STB;STB;1;1;0;1;1;0;3;S1T1B1;STB_MIXED_3V;-
693;stbarb;STBARB;STB;1;1;0;1;1;0;3;S1T1B1;STB_MIXED_3V;-
694;stbb;STBB;STBB;1;1;0;1;2;0;4;S1T1B2;STBB_MIXED_4V;-
695;str;STR;ST;1;1;0;1;0;0;2;S1T1;ST_FEMALE_2V;-
696;stt;STT;STT;1;1;0;2;0;0;3;S1T2;STT_FEMALE_3V;-
697;sttb;STTB;STTB;1;1;0;2;1;0;4;S1T2B1;STTB_MIXED_4V;-
698;sttbarb;STTBARB;STTB;1;1;0;2;1;0;4;S1T2B1;STTB_MIXED_4V;-
699;sttbb;STTBB;STTBB;1;1;0;2;2;0;5;S1T2B2;STTBB_MIXED_5V;-
700;sttbbb;STTBBB;STTBBB;1;1;0;2;3;0;6;S1T2B3;STTBBB_MIXED_6V;-
701;sttt;STTT;STTT;1;1;0;3;0;0;4;S1T3;STTT_FEMALE_4V;-
702;stttb;STTTB;STTTB;1;1;0;3;1;0;5;S1T3B1;STTTB_MIXED_5V;-
703;stttbb;STTTBB;STTTBB;1;1;0;3;2;0;6;S1T3B2;STTTBB_MIXED_6V;-
704;sttttb;STTTTB;STTTTB;1;1;0;4;1;0;6;S1T4B1;STTTTB_MIXED_6V;-
705;sttttbb;STTTTBB;STTTTBB;1;1;0;4;2;0;7;S1T4B2;STTTTBB_MIXED_7V;-
706;tb;TB;TB;1;0;0;1;1;0;2;T1B1;TB_MALE_2V;-
707;tbarb;TBARB;TB;1;0;0;1;1;0;2;T1B1;TB_MALE_2V;-
708;tbarbarb;TBARBARB;TBBB;1;0;0;1;3;0;4;T1B3;TBBB_MALE_4V;-
709;tbarbb;TBARBB;TBB;1;0;0;1;2;0;3;T1B2;TBB_MALE_3V;-
710;tbb;TBB;TBB;1;0;0;1;2;0;3;T1B2;TBB_MALE_3V;-
711;tbbb;TBBB;TBBB;1;0;0;1;3;0;4;T1B3;TBBB_MALE_4V;-
712;tbrb;TBRB;TB;1;0;0;1;1;0;2;T1B1;TB_MALE_2V;-
713;tr;TR;INVALID_OR_INSTRUMENTAL;0;0;0;0;0;0;0;-;-;SIN_VOZES_IDENTIFICABLES
714;tratb;TRATB;ATTB;1;0;1;2;1;0;4;A1T2B1;ATTB_ALT_MALE_4V;-
715;trb;TRB;TB;1;0;0;1;1;0;2;T1B1;TB_MALE_2V;-
716;trtb;TRTB;TTB;1;0;0;2;1;0;3;T2B1;TTB_MALE_3V;-
717;trtrb;TRTRB;TTB;1;0;0;2;1;0;3;T2B1;TTB_MALE_3V;-
718;trtrtb;TRTRTB;TTTB;1;0;0;3;1;0;4;T3B1;TTTB_MALE_4V;-
719;tt;TT;TT;1;0;0;2;0;0;2;T2;TT_TENOR_2V;-
720;ttb;TTB;TTB;1;0;0;2;1;0;3;T2B1;TTB_MALE_3V;-
721;ttbarb;TTBARB;TTB;1;0;0;2;1;0;3;T2B1;TTB_MALE_3V;-
722;ttbarbarb;TTBARBARB;TTBBB;1;0;0;2;3;0;5;T2B3;TTBBB_MALE_5V;-
723;ttbarbarbb;TTBARBARBB;TTBBBB;1;0;0;2;4;0;6;T2B4;TTBBBB_MALE_6V;-
724;ttbarbb;TTBARBB;TTBB;1;0;0;2;2;0;4;T2B2;TTBB_MALE_4V;-
725;ttbarbbb;TTBARBBB;TTBBB;1;0;0;2;3;0;5;T2B3;TTBBB_MALE_5V;-
726;ttbbar;TTBBAR;TTBB;1;0;0;2;2;0;4;T2B2;TTBB_MALE_4V;-
727;ttbbb;TTBBB;TTBBB;1;0;0;2;3;0;5;T2B3;TTBBB_MALE_5V;-
728;ttbbbb;TTBBBB;TTBBBB;1;0;0;2;4;0;6;T2B4;TTBBBB_MALE_6V;-
729;ttt;TTT;TTT;1;0;0;3;0;0;3;T3;TTT_TENOR_3V;-
730;tttb;TTTB;TTTB;1;0;0;3;1;0;4;T3B1;TTTB_MALE_4V;-
731;tttbarb;TTTBARB;TTTB;1;0;0;3;1;0;4;T3B1;TTTB_MALE_4V;-
732;tttbb;TTTBB;TTTBB;1;0;0;3;2;0;5;T3B2;TTTBB_MALE_5V;-
733;tttbbb;TTTBBB;TTTBBB;1;0;0;3;3;0;6;T3B3;TTTBBB_MALE_6V;-
734;tttbbbb;TTTBBBB;TTTBBBB;1;0;0;3;4;0;7;T3B4;TTTBBBB_MALE_7V;-
735;tttt;TTTT;TTTT;1;0;0;4;0;0;4;T4;TTTT_TENOR_4V;-
736;ttttb;TTTTB;TTTTB;1;0;0;4;1;0;5;T4B1;TTTTB_MALE_5V;-
737;ttttbb;TTTTBB;TTTTBB;1;0;0;4;2;0;6;T4B2;TTTTBB_MALE_6V;-
738;ttttbbbb;TTTTBBBB;TTTTBBBB;1;0;0;4;4;0;8;T4B4;TTTTBBBB_MALE_8V;-
739;ttttt;TTTTT;TTTTT;1;0;0;5;0;0;5;T5;TTTTT_TENOR_5V;-
740;aabar;AABAR;AAB;1;0;2;0;1;0;3;A2B1;AAB_ALT_MALE_3V;-
741;aattbrb;AATTBRB;AATTB;1;0;2;2;1;0;5;A2T2B1;AATTB_ALT_MALE_5V;-
742;bs;BS;SB;1;1;0;0;1;0;2;S1B1;SB_MIXED_2V;-
743;sabarb;SABARB;SAB;1;1;1;0;1;0;3;S1A1B1;SAB_MIXED_3V;-
746;– 5;– 5;INVALID_OR_INSTRUMENTAL;0;0;0;0;0;0;0;-;-;SIN_VOZES_IDENTIFICABLES
747;– 8;– 8;INVALID_OR_INSTRUMENTAL;0;0;0;0;0;0;0;-;-;SIN_VOZES_IDENTIFICABLES
748;× SATB;× SATB;SATB;1;1;1;1;1;0;4;S1A1T1B1;SATB_MIXED_4V;-
749;1 STBARB/ATBARB 2 SATB;1 STBARB/ATBARB 2 SATB;SSAATTTBBB;1;2;2;3;3;0;10;S2A2T3B3;SSAATTTBBB_MIXED_10V;-
750;A;A;A;1;0;1;0;0;0;1;A1;A_INNER_1V;LETRA_ACEPTADA:A
752;A AND BARITONE;A AND BARITONE;AB;1;0;1;0;1;0;2;A1B1;AB_ALT_MALE_2V;"LETRA_ACEPTADA:A; LETRA_ACEPTADA:B"
754;A FOURTH LOWER IN C;A FOURTH LOWER IN C;INVALID_OR_INSTRUMENTAL;0;0;0;0;0;0;0;-;-;"LETRA_DESCARTADA:A:sin contexto de voces; LETRA_DESCARTADA:C:sin contexto de voces"
755;A GLÄUBIGE SEELE;A GLÄUBIGE SEELE;INVALID_OR_INSTRUMENTAL;0;0;0;0;0;0;0;-;-;LETRA_DESCARTADA:A:sin contexto de voces
756;A SOLO;A SOLO;A;1;0;1;0;0;0;1;A1;A_INNER_1V;LETRA_ACEPTADA:A
757;A-C;A-C;INVALID_OR_INSTRUMENTAL;0;0;0;0;0;0;0;-;-;"TRANSPOSICION_PAR_DE_NOTAS; LETRA_ACEPTADA:A; LETRA_ACEPTADA:C"
758;A.SST.SATB;A.SST.SATB;SSSAATTB;1;3;2;2;1;0;8;S3A2T2B1;SSSAATTB_MIXED_8V;LETRA_ACEPTADA:A
759;A.TT.SST.SATB;A.TT.SST.SATB;SSSAATTTTB;0;3;2;4;1;0;10;S3A2T4B1;SSSAATTTTB_MIXED_10V;LETRA_ACEPTADA:A
761;AAB.STTB;AAB.STTB;SAATTBB;1;1;2;2;2;0;7;S1A2T2B2;SAATTBB_MIXED_7V;-
762;AAB.TBBB;AAB.TBBB;AATBBBB;1;0;2;1;4;0;7;A2T1B4;AATBBBB_ALT_MALE_7V;-
763;AABAR.TBARBARB;AABAR.TBARBARB;AATBBBB;1;0;2;1;4;0;7;A2T1B4;AATBBBB_ALT_MALE_7V;-
764;AAT.TBARBARB;AAT.TBARBARB;AATTBBB;1;0;2;2;3;0;7;A2T2B3;AATTBBB_ALT_MALE_7V;-
765;AAT.TBBB;AAT.TBBB;AATTBBB;1;0;2;2;3;0;7;A2T2B3;AATTBBB_ALT_MALE_7V;-
766;AAT.TTTB;AAT.TTTB;AATTTTB;0;0;2;4;1;0;7;A2T4B1;AATTTTB_ALT_MALE_7V;-
767;AATB AND SST VERSES;AATB AND SST VERSES;SSAATTB;1;2;2;2;1;0;7;S2A2T2B1;SSAATTB_MIXED_7V;-
768;AATB.ATBB;AATB.ATBB;AAATTBBB;0;0;3;2;3;0;8;A3T2B3;AAATTBBB_ALT_MALE_8V;-
769;AATB.ATBB.ATBB;AATB.ATBB.ATBB;AAAATTTBBBBB;0;0;4;3;5;0;12;A4T3B5;AAAATTTBBBBB_ALT_MALE_12V;-
770;AATB.ATBB.TBBB;AATB.ATBB.TBBB;AAATTTBBBBBB;1;0;3;3;6;0;12;A3T3B6;AAATTTBBBBBB_ALT_MALE_12V;-
771;AATB.ATTB;AATB.ATTB;AAATTTBB;1;0;3;3;2;0;8;A3T3B2;AAATTTBB_ALT_MALE_8V;-
772;AATB.SATB;AATB.SATB;SAAATTBB;1;1;3;2;2;0;8;S1A3T2B2;SAAATTBB_MIXED_8V;-
773;AATB.TBARBARB;AATB.TBARBARB;AATTBBBB;1;0;2;2;4;0;8;A2T2B4;AATTBBBB_ALT_MALE_8V;-
774;AATB.TBBB;AATB.TBBB;AATTBBBB;1;0;2;2;4;0;8;A2T2B4;AATTBBBB_ALT_MALE_8V;-
775;AATB.TTBB;AATB.TTBB;AATTTBBB;0;0;2;3;3;0;8;A2T3B3;AATTTBBB_ALT_MALE_8V;-
776;AATBAR.ATBARB;AATBAR.ATBARB;AAATTBB;1;0;3;2;2;0;7;A3T2B2;AAATTBB_ALT_MALE_7V;-
777;AATBAR.TBARBARB;AATBAR.TBARBARB;AATTBBBB;1;0;2;2;4;0;8;A2T2B4;AATTBBBB_ALT_MALE_8V;-
778;AATBAR.TBARBB;AATBAR.TBARBB;AATTBBB;1;0;2;2;3;0;7;A2T2B3;AATTBBB_ALT_MALE_7V;-
779;AATBARBARB.ATBARBBB;AATBARBARB.ATBARBBB;AAATTBBBBBB;0;0;3;2;6;0;11;A3T2B6;AAATTBBBBBB_ALT_MALE_11V;-
780;AATBBB.AATBBB.AATBBB;AATBBB.AATBBB.AATBBB;AAAAAATTTBBBBBBBBB;0;0;6;3;9;0;18;A6T3B9;AAAAAATTTBBBBBBBBB_ALT_MALE_18V;-
781;AATBBB.ATBBBB;AATBBB.ATBBBB;AAATTBBBBBBB;0;0;3;2;7;0;12;A3T2B7;AAATTBBBBBBB_ALT_MALE_12V;-
783;AATT.ATBB;AATT.ATBB;AAATTTBB;1;0;3;3;2;0;8;A3T3B2;AAATTTBB_ALT_MALE_8V;-
784;AATT.SSSB.SATB;AATT.SSSB.SATB;SSSSAAATTTBB;0;4;3;3;2;0;12;S4A3T3B2;SSSSAAATTTBB_MIXED_12V;-
785;AATT.TTTB;AATT.TTTB;AATTTTTB;0;0;2;5;1;0;8;A2T5B1;AATTTTTB_ALT_MALE_8V;-
786;AATTBB AND S;AATTBB AND S;SAATTBB;1;1;2;2;2;0;7;S1A2T2B2;SAATTBB_MIXED_7V;LETRA_ACEPTADA:S
787;AATTBB.AATTBB;AATTBB.AATTBB;AAAATTTTBBBB;0;0;4;4;4;0;12;A4T4B4;AAAATTTTBBBB_ALT_MALE_12V;-
788;AATTBRB MALE VOICES;AATTBRB MALE VOICES;AATTB;1;0;2;2;1;0;5;A2T2B1;AATTB_ALT_MALE_5V;-
789;AB SATB;AB SATB;SAATBB;1;1;2;1;2;0;6;S1A2T1B2;SAATBB_MIXED_6V;-
790;AB SOLI AND SSATB CHOIR;AB SOLI AND SSATB CHOIR;SSAATBB;1;2;2;1;2;0;7;S2A2T1B2;SSAATBB_MIXED_7V;-
791;AD LIBITUM;AD LIBITUM;INVALID_OR_INSTRUMENTAL;0;0;0;0;0;0;0;-;-;SIN_VOZES_IDENTIFICABLES
792;AGNUS DEI II SATTB;AGNUS DEI II SATTB;SATTB;1;1;1;2;1;0;5;S1A1T2B1;SATTB_MIXED_5V;-
793;AGNUS DEI II SATTB/ATTTB;AGNUS DEI II SATTB/ATTTB;SAATTTTTBB;0;1;2;5;2;0;10;S1A2T5B2;SAATTTTTBB_MIXED_10V;-
794;ALTO;ALTO;A;1;0;1;0;0;0;1;A1;A_INNER_1V;-
795;ALTO GIMEL;ALTO GIMEL;A;1;0;1;0;0;0;1;A1;A_INNER_1V;-
796;ALTO OR TENOR SOLO;ALTO OR TENOR SOLO;AT;1;0;1;1;0;0;2;A1T1;AT_INNER_2V;-
797;ALTO SOLO;ALTO SOLO;A;1;0;1;0;0;0;1;A1;A_INNER_1V;-
798;ALTO VERSE;ALTO VERSE;A;1;0;1;0;0;0;1;A1;A_INNER_1V;-
799;AMORE;AMORE;INVALID_OR_INSTRUMENTAL;0;0;0;0;0;0;0;-;-;SIN_VOZES_IDENTIFICABLES
800;AND 2 TENORS;AND 2 TENORS;TT;1;0;0;2;0;0;2;T2;TT_TENOR_2V;MULTIPLICADOR:2xTENORS
801;AND B DIVISI;AND B DIVISI;B;1;0;0;0;1;0;1;B1;B_MALE_1V;LETRA_ACEPTADA:B
802;AND INCIDENTAL SATB SOLOS;AND INCIDENTAL SATB SOLOS;SATB;1;1;1;1;1;0;4;S1A1T1B1;SATB_MIXED_4V;-
803;AND MINOR DIVISI;AND MINOR DIVISI;INVALID_OR_INSTRUMENTAL;0;0;0;0;0;0;0;-;-;SIN_VOZES_IDENTIFICABLES
804;AND ONE VERSE FOR SSAT;AND ONE VERSE FOR SSAT;SSAT;1;2;1;1;0;0;4;S2A1T1;SSAT_FEMALE_4V;-
805;AND SATB QUARTET;AND SATB QUARTET;SATB;1;1;1;1;1;0;4;S1A1T1B1;SATB_MIXED_4V;-
806;AND SOLI;AND SOLI;INVALID_OR_INSTRUMENTAL;0;0;0;0;0;0;0;-;-;SIN_VOZES_IDENTIFICABLES
807;AND SOPRANO SOLO;AND SOPRANO SOLO;S;1;1;0;0;0;0;1;S1;S_FEMALE_1V;-
808;AND STB SOLOS;AND STB SOLOS;STB;1;1;0;1;1;0;3;S1T1B1;STB_MIXED_3V;-
809;ANGELS;ANGELS;INVALID_OR_INSTRUMENTAL;0;0;0;0;0;0;0;-;-;SIN_VOZES_IDENTIFICABLES
810;AS WRITTEN IN F ATB;AS WRITTEN IN F ATB;ATB;1;0;1;1;1;0;3;A1T1B1;ATB_ALT_MALE_3V;TOKEN_OMITIDO:AS
811;AT.SATB;AT.SATB;SAATTB;1;1;2;2;1;0;6;S1A2T2B1;SAATTB_MIXED_6V;-
812;AT.SATB.SATB;AT.SATB.SATB;SSAAATTTBB;1;2;3;3;2;0;10;S2A3T3B2;SSAAATTTBB_MIXED_10V;-
813;AT.SATTB;AT.SATTB;SAATTTB;1;1;2;3;1;0;7;S1A2T3B1;SAATTTB_MIXED_7V;-
814;AT.SSTB.SATB;AT.SSTB.SATB;SSSAATTTBB;1;3;2;3;2;0;10;S3A2T3B2;SSSAATTTBB_MIXED_10V;-
815;ATB & AATB VERSES;ATB & AATB VERSES;AAATTBB;1;0;3;2;2;0;7;A3T2B2;AAATTBB_ALT_MALE_7V;-
816;ATB AND AATB VERSES;ATB AND AATB VERSES;AAATTBB;1;0;3;2;2;0;7;A3T2B2;AAATTBB_ALT_MALE_7V;-
817;ATB AND SATB;ATB AND SATB;SAATTBB;1;1;2;2;2;0;7;S1A2T2B2;SAATTBB_MIXED_7V;-
818;ATB AND SOLO B;ATB AND SOLO B;ATBB;1;0;1;1;2;0;4;A1T1B2;ATBB_ALT_MALE_4V;LETRA_ACEPTADA:B
819;ATB AND SSAT VERSES;ATB AND SSAT VERSES;SSAATTB;1;2;2;2;1;0;7;S2A2T2B1;SSAATTB_MIXED_7V;-
821;ATB SOLI;ATB SOLI;ATB;1;0;1;1;1;0;3;A1T1B1;ATB_ALT_MALE_3V;-
822;ATB VERSE;ATB VERSE;ATB;1;0;1;1;1;0;3;A1T1B1;ATB_ALT_MALE_3V;-
823;ATB.ATB;ATB.ATB;AATTBB;1;0;2;2;2;0;6;A2T2B2;AATTBB_ALT_MALE_6V;-
824;ATB.ATB.SSATB;ATB.ATB.SSATB;SSAAATTTBBB;1;2;3;3;3;0;11;S2A3T3B3;SSAAATTTBBB_MIXED_11V;-
825;ATB.ATTB;ATB.ATTB;AATTTBB;1;0;2;3;2;0;7;A2T3B2;AATTTBB_ALT_MALE_7V;-
826;ATB.ATTB.SAATTB;ATB.ATTB.SAATTB;SAAAATTTTTBBB;0;1;4;5;3;0;13;S1A4T5B3;SAAAATTTTTBBB_MIXED_13V;-
827;ATB.SATB;ATB.SATB;SAATTBB;1;1;2;2;2;0;7;S1A2T2B2;SAATTBB_MIXED_7V;-
828;ATB.SATB.SATB;ATB.SATB.SATB;SSAAATTTBBB;1;2;3;3;3;0;11;S2A3T3B3;SSAAATTTBBB_MIXED_11V;-
829;ATB.SSAT;ATB.SSAT;SSAATTB;1;2;2;2;1;0;7;S2A2T2B1;SSAATTB_MIXED_7V;-
830;ATB.SSATB;ATB.SSATB;SSAATTBB;1;2;2;2;2;0;8;S2A2T2B2;SSAATTBB_MIXED_8V;-
831;ATB.SSATTB;ATB.SSATTB;SSAATTTBB;1;2;2;3;2;0;9;S2A2T3B2;SSAATTTBB_MIXED_9V;-
832;ATB.SSSS;ATB.SSSS;SSSSATB;1;4;1;1;1;0;7;S4A1T1B1;SSSSATB_MIXED_7V;-
833;ATB.TBBB;ATB.TBBB;ATTBBBB;1;0;1;2;4;0;7;A1T2B4;ATTBBBB_ALT_MALE_7V;-
834;ATBARB OR SATB;ATBARB OR SATB;SAATTBB;1;1;2;2;2;0;7;S1A2T2B2;SAATTBB_MIXED_7V;-
835;ATBARB.ATBARB;ATBARB.ATBARB;AATTBB;1;0;2;2;2;0;6;A2T2B2;AATTBB_ALT_MALE_6V;-
836;ATBARB.ATBARB.ATBARB;ATBARB.ATBARB.ATBARB;AAATTTBBB;1;0;3;3;3;0;9;A3T3B3;AAATTTBBB_ALT_MALE_9V;-
837;ATBARB.TBARBARB;ATBARB.TBARBARB;ATTBBBB;1;0;1;2;4;0;7;A1T2B4;ATTBBBB_ALT_MALE_7V;-
838;ATBARBARB.ATBARBARB;ATBARBARB.ATBARBARB;AATTBBBBBB;0;0;2;2;6;0;10;A2T2B6;AATTBBBBBB_ALT_MALE_10V;-
839;ATBARBARBARB.ATBARBARBARB;ATBARBARBARB.ATBARBARBARB;AATTBBBBBB;0;0;2;2;6;0;10;A2T2B6;AATTBBBBBB_ALT_MALE_10V;-
840;ATBB 'SI DESCENDERO ';ATBB 'SI DESCENDERO ';ATBB;1;0;1;1;2;0;4;A1T1B2;ATBB_ALT_MALE_4V;-
841;ATBB SATB;ATBB SATB;SAATTBBB;0;1;2;2;3;0;8;S1A2T2B3;SAATTBBB_MIXED_8V;-
842;ATBB.ATBB;ATBB.ATBB;AATTBBBB;1;0;2;2;4;0;8;A2T2B4;AATTBBBB_ALT_MALE_8V;-
843;ATBB.ATBB.ATBB;ATBB.ATBB.ATBB;AAATTTBBBBBB;1;0;3;3;6;0;12;A3T3B6;AAATTTBBBBBB_ALT_MALE_12V;-
844;ATBB.SSAAB.TBBBB;ATBB.SSAAB.TBBBB;SSAAATTBBBBBBB;0;2;3;2;7;0;14;S2A3T2B7;SSAAATTBBBBBBB_MIXED_14V;-
845;ATBB.SSTBB;ATBB.SSTBB;SSATTBBBB;0;2;1;2;4;0;9;S2A1T2B4;SSATTBBBB_MIXED_9V;-
846;ATBB.TBBB;ATBB.TBBB;ATTBBBBB;0;0;1;2;5;0;8;A1T2B5;ATTBBBBB_ALT_MALE_8V;-
847;ATBBB.ATBBB;ATBBB.ATBBB;AATTBBBBBB;0;0;2;2;6;0;10;A2T2B6;AATTBBBBBB_ALT_MALE_10V;-
848;ATBBBB.ATBBBB;ATBBBB.ATBBBB;AATTBBBBBBBB;0;0;2;2;8;0;12;A2T2B8;AATTBBBBBBBB_ALT_MALE_12V;-
850;ATT B B OR SAT B B;ATT B B OR SAT B B;SAATTTBBBB;0;1;2;3;4;0;10;S1A2T3B4;SAATTTBBBB_MIXED_10V;"LETRA_ACEPTADA:B; LETRA_ACEPTADA:B; LETRA_ACEPTADA:B; LETRA_ACEPTADA:B"
851;ATT.SATB;ATT.SATB;SAATTTB;1;1;2;3;1;0;7;S1A2T3B1;SAATTTB_MIXED_7V;-
853;ATTB.ATBARB;ATTB.ATBARB;AATTTBB;1;0;2;3;2;0;7;A2T3B2;AATTTBB_ALT_MALE_7V;-
854;ATTB.ATBB;ATTB.ATBB;AATTTBBB;0;0;2;3;3;0;8;A2T3B3;AATTTBBB_ALT_MALE_8V;-
855;ATTB.ATBB.TBBB;ATTB.ATBB.TBBB;AATTTTBBBBBB;0;0;2;4;6;0;12;A2T4B6;AATTTTBBBBBB_ALT_MALE_12V;-
856;ATTB.ATTB;ATTB.ATTB;AATTTTBB;1;0;2;4;2;0;8;A2T4B2;AATTTTBB_ALT_MALE_8V;-
857;ATTB.SATB;ATTB.SATB;SAATTTBB;1;1;2;3;2;0;8;S1A2T3B2;SAATTTBB_MIXED_8V;-
858;ATTB.SATTB;ATTB.SATTB;SAATTTTBB;1;1;2;4;2;0;9;S1A2T4B2;SAATTTTBB_MIXED_9V;-
859;ATTB.TTBARB;ATTB.TTBARB;ATTTTBB;1;0;1;4;2;0;7;A1T4B2;ATTTTBB_ALT_MALE_7V;-
860;ATTB.TTBB;ATTB.TTBB;ATTTTBBB;0;0;1;4;3;0;8;A1T4B3;ATTTTBBB_ALT_MALE_8V;-
861;ATTB.TTTB;ATTB.TTTB;ATTTTTBB;1;0;1;5;2;0;8;A1T5B2;ATTTTTBB_ALT_MALE_8V;-
862;ATTBARB OR SAATB;ATTBARB OR SAATB;SAAATTTBB;0;1;3;3;2;0;9;S1A3T3B2;SAAATTTBB_MIXED_9V;-
863;ATTBARB.ATTBARB;ATTBARB.ATTBARB;AATTTTBB;1;0;2;4;2;0;8;A2T4B2;AATTTTBB_ALT_MALE_8V;-
864;ATTBB.ATTBB;ATTBB.ATTBB;AATTTTBBBB;1;0;2;4;4;0;10;A2T4B4;AATTTTBBBB_ALT_MALE_10V;-
865;B;B;B;1;0;0;0;1;0;1;B1;B_MALE_1V;LETRA_ACEPTADA:B
866;B AND T AND A SOLOS;B AND T AND A SOLOS;ATB;1;0;1;1;1;0;3;A1T1B1;ATB_ALT_MALE_3V;"LETRA_ACEPTADA:B; LETRA_ACEPTADA:T; LETRA_ACEPTADA:A"
867;B JESUS;B JESUS;INVALID_OR_INSTRUMENTAL;0;0;0;0;0;0;0;-;-;LETRA_DESCARTADA:B:sin contexto de voces
868;B SOLI;B SOLI;B;1;0;0;0;1;0;1;B1;B_MALE_1V;LETRA_ACEPTADA:B
869;B SOLO;B SOLO;B;1;0;0;0;1;0;1;B1;B_MALE_1V;LETRA_ACEPTADA:B
870;B SOLOISTS;B SOLOISTS;B;1;0;0;0;1;0;1;B1;B_MALE_1V;LETRA_ACEPTADA:B
872;B+SATB;B+SATB;SATBB;1;1;1;1;2;0;5;S1A1T1B2;SATBB_MIXED_5V;LETRA_ACEPTADA:B
873;BAR SOLI;BAR SOLI;B;1;0;0;0;1;0;1;B1;B_MALE_1V;LETRA_ACEPTADA:B
874;BAR TTBB;BAR TTBB;TTBBB;1;0;0;2;3;0;5;T2B3;TTBBB_MALE_5V;LETRA_ACEPTADA:B
876;BARITON AND 3 BASSES;BARITON AND 3 BASSES;BBBB;1;0;0;0;4;0;4;B4;BBBB_MALE_4V;"MULTIPLICADOR:3xBASSES; LETRA_ACEPTADA:B"
877;BARITONE;BARITONE;B;1;0;0;0;1;0;1;B1;B_MALE_1V;LETRA_ACEPTADA:B
878;BARITONE AND BASS;BARITONE AND BASS;BB;1;0;0;0;2;0;2;B2;BB_MALE_2V;LETRA_ACEPTADA:B
879;BARITONE SOLO;BARITONE SOLO;B;1;0;0;0;1;0;1;B1;B_MALE_1V;LETRA_ACEPTADA:B
880;BASS;BASS;B;1;0;0;0;1;0;1;B1;B_MALE_1V;-
881;BASS AND BARITONE;BASS AND BARITONE;BB;1;0;0;0;2;0;2;B2;BB_MALE_2V;LETRA_ACEPTADA:B
882;BASS DUET;BASS DUET;B;1;0;0;0;1;0;1;B1;B_MALE_1V;-
883;BASS SOLO;BASS SOLO;B;1;0;0;0;1;0;1;B1;B_MALE_1V;-
884;BB VERSE;BB VERSE;BB;1;0;0;0;2;0;2;B2;BB_MALE_2V;-
886;BC;BC;INVALID_OR_INSTRUMENTAL;0;0;0;0;0;0;0;-;-;FRAGMENTO_NO_VOCAL:BC
887;C-A';C-A';INVALID_OR_INSTRUMENTAL;0;0;0;0;0;0;0;-;-;"TRANSPOSICION_PAR_DE_NOTAS; LETRA_ACEPTADA:C; LETRA_ACEPTADA:A"
888;C-D;C-D;INVALID_OR_INSTRUMENTAL;0;0;0;0;0;0;0;-;-;"TRANSPOSICION_PAR_DE_NOTAS; LETRA_DESCARTADA:C:sin contexto de voces"
889;C'-C;C'-C;INVALID_OR_INSTRUMENTAL;0;0;0;0;0;0;0;-;-;"TRANSPOSICION_PAR_DE_NOTAS; LETRA_ACEPTADA:C; LETRA_ACEPTADA:C"
890;C2;C2;INVALID_OR_INSTRUMENTAL;0;0;0;0;0;0;0;-;-;"NOTA_AMBITO_SUELTA; LETRA_ACEPTADA:C"
891;C3;C3;INVALID_OR_INSTRUMENTAL;0;0;0;0;0;0;0;-;-;"NOTA_AMBITO_SUELTA; LETRA_ACEPTADA:C"
892;C4 AND F4. THE RANGES ARE B-E;C4 AND F4. THE RANGES ARE B-E;INVALID_OR_INSTRUMENTAL;0;0;0;0;0;0;0;-;-;"TRANSPOSICION_PAR_DE_NOTAS; LETRA_DESCARTADA:C:sin contexto de voces; LETRA_ACEPTADA:B"
893;CA5A6TB;CA5A6TB;AATBC;0;0;2;1;1;1;5;A2T1B1C1;AATBC_ALT_MALE_5V;LETRA_ACEPTADA:A
894;CAATB;CAATB;AATBC;0;0;2;1;1;1;5;A2T1B1C1;AATBC_ALT_MALE_5V;-
895;CANTOR;CANTOR;INVALID_OR_INSTRUMENTAL;0;0;0;0;0;0;0;-;-;SIN_VOZES_IDENTIFICABLES
896;CANTOR & CONGREGATION;CANTOR & CONGREGATION;INVALID_OR_INSTRUMENTAL;0;0;0;0;0;0;0;-;-;SIN_VOZES_IDENTIFICABLES
897;CANTOR+SATB;CANTOR+SATB;SATB;1;1;1;1;1;0;4;S1A1T1B1;SATB_MIXED_4V;-
898;CANTUS;CANTUS;INVALID_OR_INSTRUMENTAL;0;0;0;0;0;0;0;-;-;SIN_VOZES_IDENTIFICABLES
899;CAQATB;CAQATB;ATB;1;0;1;1;1;0;3;A1T1B1;ATB_ALT_MALE_3V;REGLA_CURADA:CAQATB->ATB
900;CATB;CATB;ATBC;0;0;1;1;1;1;4;A1T1B1C1;ATBC_ALT_MALE_4V;-
901;CH UR À 4 ET À 6 VOIX;CH UR À 4 ET À 6 VOIX;INVALID_OR_INSTRUMENTAL;0;0;0;0;0;0;0;-;-;"LETRA_DESCARTADA:A:sin contexto de voces; LETRA_DESCARTADA:A:sin contexto de voces"
902;CHILDREN;CHILDREN;INVALID_OR_INSTRUMENTAL;0;0;0;0;0;0;0;-;-;SIN_VOZES_IDENTIFICABLES
903;CHILDREN S VOICES;CHILDREN S VOICES;INVALID_OR_INSTRUMENTAL;0;0;0;0;0;0;0;-;-;LETRA_DESCARTADA:S:sin contexto de voces
904;CHILDREN'S CHOIR IN 1;CHILDREN'S CHOIR IN 1;INVALID_OR_INSTRUMENTAL;0;0;0;0;0;0;0;-;-;SIN_VOZES_IDENTIFICABLES
905;CHILDREN'S OR FEMALE VOICES;CHILDREN'S OR FEMALE VOICES;INVALID_OR_INSTRUMENTAL;0;0;0;0;0;0;0;-;-;SIN_VOZES_IDENTIFICABLES
906;CHOIR CHILDRENS CHOIR T AND B AND CHILD SOLOS;CHOIR CHILDRENS CHOIR T AND B AND CHILD SOLOS;TB;1;0;0;1;1;0;2;T1B1;TB_MALE_2V;"LETRA_ACEPTADA:T; LETRA_ACEPTADA:B"
907;CHOIRS × SATB.SATB;CHOIRS × SATB.SATB;SSAATTBB;1;2;2;2;2;0;8;S2A2T2B2;SSAATTBB_MIXED_8V;-
908;CHOIRS × SATBARB;CHOIRS × SATBARB;SATB;1;1;1;1;1;0;4;S1A1T1B1;SATB_MIXED_4V;-
909;CHOIRS ANTIPHONALLY;CHOIRS ANTIPHONALLY;INVALID_OR_INSTRUMENTAL;0;0;0;0;0;0;0;-;-;SIN_VOZES_IDENTIFICABLES
910;CHORAL ALTO SOLO;CHORAL ALTO SOLO;A;1;0;1;0;0;0;1;A1;A_INNER_1V;-
911;CHORAL ATB SOLI;CHORAL ATB SOLI;ATB;1;0;1;1;1;0;3;A1T1B1;ATB_ALT_MALE_3V;-
912;CHORAL BARITONE SOLO;CHORAL BARITONE SOLO;B;1;0;0;0;1;0;1;B1;B_MALE_1V;LETRA_ACEPTADA:B
913;CHORAL BASS SOLO;CHORAL BASS SOLO;B;1;0;0;0;1;0;1;B1;B_MALE_1V;-
914;CHORAL COUNTERTENOR SOLO;CHORAL COUNTERTENOR SOLO;TC;0;0;0;1;0;1;2;T1C1;TC_COUNTERTENOR_2V;MODIFICADOR_ELIMINADO
915;CHORAL MEZZO-SOPRANO SOLO;CHORAL MEZZO-SOPRANO SOLO;A;1;0;1;0;0;0;1;A1;A_INNER_1V;"MODIFICADOR_ELIMINADO; LETRA_ACEPTADA:A"
916;CHORAL SA SOLI;CHORAL SA SOLI;SA;1;1;1;0;0;0;2;S1A1;SA_FEMALE_2V;-
917;CHORAL SAB SOLI;CHORAL SAB SOLI;SAB;1;1;1;0;1;0;3;S1A1B1;SAB_MIXED_3V;-
918;CHORAL SAT SOLI;CHORAL SAT SOLI;SAT;1;1;1;1;0;0;3;S1A1T1;SAT_FEMALE_3V;-
919;CHORAL SATB SOLI;CHORAL SATB SOLI;SATB;1;1;1;1;1;0;4;S1A1T1B1;SATB_MIXED_4V;-
920;CHORAL SATB.SATB SOLI;CHORAL SATB.SATB SOLI;SSAATTBB;1;2;2;2;2;0;8;S2A2T2B2;SSAATTBB_MIXED_8V;-
921;CHORAL SOPRANO SOLO;CHORAL SOPRANO SOLO;S;1;1;0;0;0;0;1;S1;S_FEMALE_1V;-
922;CHORAL SSAT SOLI;CHORAL SSAT SOLI;SSAT;1;2;1;1;0;0;4;S2A1T1;SSAT_FEMALE_4V;-
923;CHORAL SSATBB SOLI;CHORAL SSATBB SOLI;SSATBB;1;2;1;1;2;0;6;S2A1T1B2;SSATBB_MIXED_6V;-
924;CHORAL TENOR SOLO;CHORAL TENOR SOLO;T;1;0;0;1;0;0;1;T1;T_TENOR_1V;-
925;CHRISTUS/BASS;CHRISTUS/BASS;B;1;0;0;0;1;0;1;B1;B_MALE_1V;-
926;CONGREGATION OR CHORUS UNISONO;CONGREGATION OR CHORUS UNISONO;INVALID_OR_INSTRUMENTAL;0;0;0;0;0;0;0;-;-;SIN_VOZES_IDENTIFICABLES
927;CONTRA;CONTRA;C;0;0;0;0;0;1;1;C1;C_COUNTERTENOR_1V;-
928;CONTRA TENOR;CONTRA TENOR;TC;0;0;0;1;0;1;2;T1C1;TC_COUNTERTENOR_2V;-
929;CONTRALTO;CONTRALTO;C;0;0;0;0;0;1;1;C1;C_COUNTERTENOR_1V;-
932;COUNTER-TENOR OR ALTO;COUNTER-TENOR OR ALTO;ATC;0;0;1;1;0;1;3;A1T1C1;ATC_INNER_CT_3V;MODIFICADOR_ELIMINADO
933;COUNTERTENOR;COUNTERTENOR;TC;0;0;0;1;0;1;2;T1C1;TC_COUNTERTENOR_2V;MODIFICADOR_ELIMINADO
934;COUNTERTENOR SOLO;COUNTERTENOR SOLO;TC;0;0;0;1;0;1;2;T1C1;TC_COUNTERTENOR_2V;MODIFICADOR_ELIMINADO
935;COUNTERTENOR SOLOS;COUNTERTENOR SOLOS;TC;0;0;0;1;0;1;2;T1C1;TC_COUNTERTENOR_2V;MODIFICADOR_ELIMINADO
936;CT2 ARE SOPRANIST AND ALTO;CT2 ARE SOPRANIST AND ALTO;SACC;0;1;1;0;0;2;4;S1A1C2;SACC_FEMALE_4V;REGLA_CURADA:CT2 ARE SOPRANIST AND ALTO->SACC
937;CTCTTB;CTCTTB;TTTBCC;0;0;0;3;1;2;6;T3B1C2;TTTBCC_MALE_CT_6V;-
938;CTCTTBARBARB;CTCTTBARBARB;TTTBBBCC;0;0;0;3;3;2;8;T3B3C2;TTTBBBCC_MALE_CT_8V;-
939;CTCTTTBB;CTCTTTBB;TTTTBBCC;0;0;0;4;2;2;8;T4B2C2;TTTTBBCC_MALE_CT_8V;-
940;CTTBARB;CTTBARB;TTBC;0;0;0;2;1;1;4;T2B1C1;TTBC_MALE_CT_4V;-
941;CTTBARB.CTTBARB;CTTBARB.CTTBARB;TTTTBBCC;0;0;0;4;2;2;8;T4B2C2;TTTTBBCC_MALE_CT_8V;-
942;CTTBB;CTTBB;TTBBC;0;0;0;2;2;1;5;T2B2C1;TTBBC_MALE_CT_5V;-
943;D-D';D-D';INVALID_OR_INSTRUMENTAL;0;0;0;0;0;0;0;-;-;TRANSPOSICION_PAR_DE_NOTAS
944;D-G';D-G';INVALID_OR_INSTRUMENTAL;0;0;0;0;0;0;0;-;-;TRANSPOSICION_PAR_DE_NOTAS
945;D'-C;D'-C;INVALID_OR_INSTRUMENTAL;0;0;0;0;0;0;0;-;-;"TRANSPOSICION_PAR_DE_NOTAS; LETRA_DESCARTADA:C:sin contexto de voces"
946;D'-F;D'-F;INVALID_OR_INSTRUMENTAL;0;0;0;0;0;0;0;-;-;TRANSPOSICION_PAR_DE_NOTAS
947;DDATB;DDATB;ATB;1;0;1;1;1;0;3;A1T1B1;ATB_ALT_MALE_3V;REGLA_CURADA:DDATB->ATB
948;DESCANT;DESCANT;INVALID_OR_INSTRUMENTAL;0;0;0;0;0;0;0;-;-;SIN_VOZES_IDENTIFICABLES
949;DESCANTS;DESCANTS;INVALID_OR_INSTRUMENTAL;0;0;0;0;0;0;0;-;-;SIN_VOZES_IDENTIFICABLES
950;DISCSEPTASEXTTQUINB;DISCSEPTASEXTTQUINB;INVALID_OR_INSTRUMENTAL;0;0;0;0;0;0;0;-;-;SIN_VOZES_IDENTIFICABLES
951;DIV;DIV;INVALID_OR_INSTRUMENTAL;0;0;0;0;0;0;0;-;-;SIN_VOZES_IDENTIFICABLES
952;DOUBLE CHORUS AND SEMI-CHORUS;DOUBLE CHORUS AND SEMI-CHORUS;INVALID_OR_INSTRUMENTAL;0;0;0;0;0;0;0;-;-;MODIFICADOR_ELIMINADO
953;DOUBLE CHORUS WITH SOPRANO IN RIPIENO;DOUBLE CHORUS WITH SOPRANO IN RIPIENO;S;1;1;0;0;0;0;1;S1;S_FEMALE_1V;-
954;DUET;DUET;INVALID_OR_INSTRUMENTAL;0;0;0;0;0;0;0;-;-;SIN_VOZES_IDENTIFICABLES
955;E-A';E-A';INVALID_OR_INSTRUMENTAL;0;0;0;0;0;0;0;-;-;"TRANSPOSICION_PAR_DE_NOTAS; LETRA_ACEPTADA:A"
956;E-G';E-G';INVALID_OR_INSTRUMENTAL;0;0;0;0;0;0;0;-;-;TRANSPOSICION_PAR_DE_NOTAS
957;EACH OF S;EACH OF S;INVALID_OR_INSTRUMENTAL;0;0;0;0;0;0;0;-;-;LETRA_DESCARTADA:S:precedida por OF
958;EQUAL SA OR TB;EQUAL SA OR TB;SATB;1;1;1;1;1;0;4;S1A1T1B1;SATB_MIXED_4V;-
959;EQUAL VOICES;EQUAL VOICES;INVALID_OR_INSTRUMENTAL;0;0;0;0;0;0;0;-;-;SIN_VOZES_IDENTIFICABLES
960;F-A;F-A;INVALID_OR_INSTRUMENTAL;0;0;0;0;0;0;0;-;-;"TRANSPOSICION_PAR_DE_NOTAS; LETRA_DESCARTADA:A:sin contexto de voces"
961;F-B';F-B';INVALID_OR_INSTRUMENTAL;0;0;0;0;0;0;0;-;-;"TRANSPOSICION_PAR_DE_NOTAS; LETRA_DESCARTADA:B:sin contexto de voces"
962;F-F';F-F';INVALID_OR_INSTRUMENTAL;0;0;0;0;0;0;0;-;-;TRANSPOSICION_PAR_DE_NOTAS
963;F-G;F-G;INVALID_OR_INSTRUMENTAL;0;0;0;0;0;0;0;-;-;TRANSPOSICION_PAR_DE_NOTAS
964;F3;F3;INVALID_OR_INSTRUMENTAL;0;0;0;0;0;0;0;-;-;NOTA_AMBITO_SUELTA
965;F4;F4;INVALID_OR_INSTRUMENTAL;0;0;0;0;0;0;0;-;-;NOTA_AMBITO_SUELTA
966;FAMA BASS;FAMA BASS;B;1;0;0;0;1;0;1;B1;B_MALE_1V;-
967;FINAL VERSE SAATB;FINAL VERSE SAATB;SAATB;1;1;2;1;1;0;5;S1A2T1B1;SAATB_MIXED_5V;-
968;FINAL VERSE SAATTB;FINAL VERSE SAATTB;SAATTB;1;1;2;2;1;0;6;S1A2T2B1;SAATTB_MIXED_6V;-
969;FINAL VERSE SSATTB;FINAL VERSE SSATTB;SSATTB;1;2;1;2;1;0;6;S2A1T2B1;SSATTB_MIXED_6V;-
970;FLEXIBLE;FLEXIBLE;INVALID_OR_INSTRUMENTAL;0;0;0;0;0;0;0;-;-;SIN_VOZES_IDENTIFICABLES
971;FOLD IN MAGNIFICAT;FOLD IN MAGNIFICAT;INVALID_OR_INSTRUMENTAL;0;0;0;0;0;0;0;-;-;SIN_VOZES_IDENTIFICABLES
972;FOR FEMALE VOICE AND PERCUSSION;FOR FEMALE VOICE AND PERCUSSION;INVALID_OR_INSTRUMENTAL;0;0;0;0;0;0;0;-;-;SIN_VOZES_IDENTIFICABLES
973;FOUR SOLO VOICES;FOUR SOLO VOICES;INVALID_OR_INSTRUMENTAL;0;0;0;0;0;0;0;-;-;SIN_VOZES_IDENTIFICABLES
974;G-A';G-A';INVALID_OR_INSTRUMENTAL;0;0;0;0;0;0;0;-;-;"TRANSPOSICION_PAR_DE_NOTAS; LETRA_DESCARTADA:A:sin contexto de voces"
975;G-B';G-B';INVALID_OR_INSTRUMENTAL;0;0;0;0;0;0;0;-;-;"TRANSPOSICION_PAR_DE_NOTAS; LETRA_DESCARTADA:B:sin contexto de voces"
976;G-F';G-F';INVALID_OR_INSTRUMENTAL;0;0;0;0;0;0;0;-;-;TRANSPOSICION_PAR_DE_NOTAS
977;HIGH;HIGH;INVALID_OR_INSTRUMENTAL;0;0;0;0;0;0;0;-;-;SIN_VOZES_IDENTIFICABLES
978;HIGH VOICE;HIGH VOICE;INVALID_OR_INSTRUMENTAL;0;0;0;0;0;0;0;-;-;SIN_VOZES_IDENTIFICABLES
979;HIGH VOICE AND LOW VOICE;HIGH VOICE AND LOW VOICE;INVALID_OR_INSTRUMENTAL;0;0;0;0;0;0;0;-;-;SIN_VOZES_IDENTIFICABLES
980;I;I;INVALID_OR_INSTRUMENTAL;0;0;0;0;0;0;0;-;-;SIN_VOZES_IDENTIFICABLES
981;IN TRANSPOSITION;IN TRANSPOSITION;INVALID_OR_INSTRUMENTAL;0;0;0;0;0;0;0;-;-;SIN_VOZES_IDENTIFICABLES
982;IRENE TENOR;IRENE TENOR;T;1;0;0;1;0;0;1;T1;T_TENOR_1V;-
983;LEADSHEET;LEADSHEET;INVALID_OR_INSTRUMENTAL;0;0;0;0;0;0;0;-;-;SIN_VOZES_IDENTIFICABLES
984;LOW;LOW;INVALID_OR_INSTRUMENTAL;0;0;0;0;0;0;0;-;-;SIN_VOZES_IDENTIFICABLES
985;LOW TRANSPOSITION;LOW TRANSPOSITION;INVALID_OR_INSTRUMENTAL;0;0;0;0;0;0;0;-;-;SIN_VOZES_IDENTIFICABLES
986;LOW VOICE;LOW VOICE;INVALID_OR_INSTRUMENTAL;0;0;0;0;0;0;0;-;-;SIN_VOZES_IDENTIFICABLES
987;M;M;INVALID_OR_INSTRUMENTAL;0;0;0;0;0;0;0;-;-;SIN_VOZES_IDENTIFICABLES
988;MATB / MMATBB;MATB / MMATBB;AATTBBB;1;0;2;2;3;0;7;A2T2B3;AATTBBB_ALT_MALE_7V;-
989;MATB.SSMT;MATB.SSMT;SSATTB;1;2;1;2;1;0;6;S2A1T2B1;SSATTB_MIXED_6V;-
990;MCTCTTB;MCTCTTB;TTTBCC;0;0;0;3;1;2;6;T3B1C2;TTTBCC_MALE_CT_6V;-
991;MCTTB;MCTTB;TTBC;0;0;0;2;1;1;4;T2B1C1;TTBC_MALE_CT_4V;-
992;MEDIUM;MEDIUM;INVALID_OR_INSTRUMENTAL;0;0;0;0;0;0;0;-;-;SIN_VOZES_IDENTIFICABLES
993;MEDIUM VOICE;MEDIUM VOICE;INVALID_OR_INSTRUMENTAL;0;0;0;0;0;0;0;-;-;SIN_VOZES_IDENTIFICABLES
994;MEDIUS AND BASS;MEDIUS AND BASS;AB;1;0;1;0;1;0;2;A1B1;AB_ALT_MALE_2V;-
995;MEN;MEN;INVALID_OR_INSTRUMENTAL;0;0;0;0;0;0;0;-;-;SIN_VOZES_IDENTIFICABLES
996;MERCURIUS ALTO;MERCURIUS ALTO;A;1;0;1;0;0;0;1;A1;A_INNER_1V;-
997;MEZCTB;MEZCTB;ATBC;0;0;1;1;1;1;4;A1T1B1C1;ATBC_ALT_MALE_4V;-
998;MEZTTB;MEZTTB;ATTB;1;0;1;2;1;0;4;A1T2B1;ATTB_ALT_MALE_4V;-
999;MEZZO SOPRANO;MEZZO SOPRANO;A;1;0;1;0;0;0;1;A1;A_INNER_1V;"MODIFICADOR_ELIMINADO; LETRA_ACEPTADA:A"
1000;MEZZO SOPRANO OR BARITONE;MEZZO SOPRANO OR BARITONE;AB;1;0;1;0;1;0;2;A1B1;AB_ALT_MALE_2V;"MODIFICADOR_ELIMINADO; LETRA_ACEPTADA:A; LETRA_ACEPTADA:B"
1002;MEZZO-SOPRANO AND ALTO;MEZZO-SOPRANO AND ALTO;AA;1;0;2;0;0;0;2;A2;AA_INNER_2V;"MODIFICADOR_ELIMINADO; LETRA_ACEPTADA:A"
1003;MEZZO-SOPRANOS;MEZZO-SOPRANOS;A;1;0;1;0;0;0;1;A1;A_INNER_1V;"MODIFICADOR_ELIMINADO; LETRA_ACEPTADA:A"
1005;MIDAS TENOR;MIDAS TENOR;T;1;0;0;1;0;0;1;T1;T_TENOR_1V;-
1006;MIXED SATB;MIXED SATB;SATB;1;1;1;1;1;0;4;S1A1T1B1;SATB_MIXED_4V;-
1007;MOMUS SOPRANO;MOMUS SOPRANO;S;1;1;0;0;0;0;1;S1;S_FEMALE_1V;-
1008;MONODIC FEMALE OR MALE CHOIR;MONODIC FEMALE OR MALE CHOIR;INVALID_OR_INSTRUMENTAL;0;0;0;0;0;0;0;-;-;SIN_VOZES_IDENTIFICABLES
1009;MSAATB;MSAATB;SAATB;1;1;2;1;1;0;5;S1A2T1B1;SAATB_MIXED_5V;-
1010;MSAATBARB;MSAATBARB;SAATB;1;1;2;1;1;0;5;S1A2T1B1;SAATB_MIXED_5V;-
1011;MSAATTB;MSAATTB;SAATTB;1;1;2;2;1;0;6;S1A2T2B1;SAATTB_MIXED_6V;-
1012;MSATB;MSATB;SATB;1;1;1;1;1;0;4;S1A1T1B1;SATB_MIXED_4V;-
1013;MSATBARB;MSATBARB;SATB;1;1;1;1;1;0;4;S1A1T1B1;SATB_MIXED_4V;-
1014;MSATTB;MSATTB;SATTB;1;1;1;2;1;0;5;S1A1T2B1;SATTB_MIXED_5V;-
1015;MSTTTB;MSTTTB;STTTB;1;1;0;3;1;0;5;S1T3B1;STTTB_MIXED_5V;-
1016;MTBARB;MTBARB;TB;1;0;0;1;1;0;2;T1B1;TB_MALE_2V;-
1017;MTTB;MTTB;TTB;1;0;0;2;1;0;3;T2B1;TTB_MALE_3V;-
1018;MTTBARBARB;MTTBARBARB;TTBBB;1;0;0;2;3;0;5;T2B3;TTBBB_MALE_5V;-
1019;MZ OR S SOLO + ATB;MZ OR S SOLO + ATB;SAATB;1;1;2;1;1;0;5;S1A2T1B1;SAATB_MIXED_5V;"LETRA_ACEPTADA:A; LETRA_ACEPTADA:S"
1020;MZATB;MZATB;AATB;1;0;2;1;1;0;4;A2T1B1;AATB_ALT_MALE_4V;-
1021;MZBAR;MZBAR;AB;1;0;1;0;1;0;2;A1B1;AB_ALT_MALE_2V;-
1022;MZMZ;MZMZ;AA;1;0;2;0;0;0;2;A2;AA_INNER_2V;-
1023;MZTB;MZTB;ATB;1;0;1;1;1;0;3;A1T1B1;ATB_ALT_MALE_3V;-
1024;NARRATOR;NARRATOR;INVALID_OR_INSTRUMENTAL;0;0;0;0;0;0;0;-;-;SIN_VOZES_IDENTIFICABLES
1025;NONE;NONE;INVALID_OR_INSTRUMENTAL;0;0;0;0;0;0;0;-;-;SIN_VOZES_IDENTIFICABLES
1026;OR AATB;OR AATB;AATB;1;0;2;1;1;0;4;A2T1B1;AATB_ALT_MALE_4V;-
1027;OR MIXED;OR MIXED;INVALID_OR_INSTRUMENTAL;0;0;0;0;0;0;0;-;-;SIN_VOZES_IDENTIFICABLES
1028;OR REPLACING THE LOWEST VOICE WITH 2 OTHER LOW PARTS;OR REPLACING THE LOWEST VOICE WITH 2 OTHER LOW PARTS;INVALID_OR_INSTRUMENTAL;0;0;0;0;0;0;0;-;-;SIN_VOZES_IDENTIFICABLES
1029;OR SATB;OR SATB;SATB;1;1;1;1;1;0;4;S1A1T1B1;SATB_MIXED_4V;-
1030;OR SSAATBB;OR SSAATBB;SSAATBB;1;2;2;1;2;0;7;S2A2T1B2;SSAATBB_MIXED_7V;-
1031;OR ST+AB;OR ST+AB;SATB;1;1;1;1;1;0;4;S1A1T1B1;SATB_MIXED_4V;-
1032;PALLAS ALTO;PALLAS ALTO;A;1;0;1;0;0;0;1;A1;A_INNER_1V;-
1033;PAN BASS AND SATTBB CHORUS;PAN BASS AND SATTBB CHORUS;SATTBBB;1;1;1;2;3;0;7;S1A1T2B3;SATTBBB_MIXED_7V;-
1034;PARTSONG;PARTSONG;INVALID_OR_INSTRUMENTAL;0;0;0;0;0;0;0;-;-;SIN_VOZES_IDENTIFICABLES
1035;PARTSONGS;PARTSONGS;INVALID_OR_INSTRUMENTAL;0;0;0;0;0;0;0;-;-;SIN_VOZES_IDENTIFICABLES
1036;PHOEBUS BASS;PHOEBUS BASS;B;1;0;0;0;1;0;1;B1;B_MALE_1V;-
1037;PILATE/PETRUS/RIPIENO;PILATE/PETRUS/RIPIENO;INVALID_OR_INSTRUMENTAL;0;0;0;0;0;0;0;-;-;SIN_VOZES_IDENTIFICABLES
1038;PLUS 1;PLUS 1;INVALID_OR_INSTRUMENTAL;0;0;0;0;0;0;0;-;-;SIN_VOZES_IDENTIFICABLES
1039;PLUS 2;PLUS 2;INVALID_OR_INSTRUMENTAL;0;0;0;0;0;0;0;-;-;SIN_VOZES_IDENTIFICABLES
1040;PLUS 4;PLUS 4;INVALID_OR_INSTRUMENTAL;0;0;0;0;0;0;0;-;-;SIN_VOZES_IDENTIFICABLES
1041;PLUS OPTIONAL 4 IN ADDITION;PLUS OPTIONAL 4 IN ADDITION;INVALID_OR_INSTRUMENTAL;0;0;0;0;0;0;0;-;-;SIN_VOZES_IDENTIFICABLES
1042;PLUS VERY SLIGHT B DIVISI;PLUS VERY SLIGHT B DIVISI;B;1;0;0;0;1;0;1;B1;B_MALE_1V;LETRA_ACEPTADA:B
1043;RESPECTIVELY;RESPECTIVELY;INVALID_OR_INSTRUMENTAL;0;0;0;0;0;0;0;-;-;SIN_VOZES_IDENTIFICABLES
1044;RIPIENI;RIPIENI;INVALID_OR_INSTRUMENTAL;0;0;0;0;0;0;0;-;-;SIN_VOZES_IDENTIFICABLES
1045;S;S;S;1;1;0;0;0;0;1;S1;S_FEMALE_1V;LETRA_ACEPTADA:S
1046;S & T HAVE THE MOST PROMINENT SOLOS;S & T HAVE THE MOST PROMINENT SOLOS;ST;1;1;0;1;0;0;2;S1T1;ST_FEMALE_2V;"LETRA_ACEPTADA:S; LETRA_ACEPTADA:T"
1048;S AND UNISON VOICES;S AND UNISON VOICES;S;1;1;0;0;0;0;1;S1;S_FEMALE_1V;LETRA_ACEPTADA:S
1049;S DESCANT;S DESCANT;S;1;1;0;0;0;0;1;S1;S_FEMALE_1V;LETRA_ACEPTADA:S
1051;S M ATTB;S M ATTB;SATTB;1;1;1;2;1;0;5;S1A1T2B1;SATTB_MIXED_5V;LETRA_ACEPTADA:S
1052;S M C T BR;S M C T BR;INVALID_OR_INSTRUMENTAL;0;0;0;0;0;0;0;-;-;"LETRA_DESCARTADA:S:sin contexto de voces; LETRA_DESCARTADA:C:sin contexto de voces; LETRA_DESCARTADA:T:sin contexto de voces"
1053;S OR MEZZOSOPRANO;S OR MEZZOSOPRANO;SA;1;1;1;0;0;0;2;S1A1;SA_FEMALE_2V;"MODIFICADOR_ELIMINADO; LETRA_ACEPTADA:S; LETRA_ACEPTADA:A"
1057;S S AATTB A QUARTET FOR SSAT;S S AATTB A QUARTET FOR SSAT;SSSSAAAATTTB;0;4;4;3;1;0;12;S4A4T3B1;SSSSAAAATTTB_MIXED_12V;"LETRA_ACEPTADA:S; LETRA_ACEPTADA:S; LETRA_ACEPTADA:A"
1060;S SOLO;S SOLO;S;1;1;0;0;0;0;1;S1;S_FEMALE_1V;LETRA_ACEPTADA:S
1061;S SOLO & SATB;S SOLO & SATB;SSATB;1;2;1;1;1;0;5;S2A1T1B1;SSATB_MIXED_5V;LETRA_ACEPTADA:S
1062;S SOLO AND SATB CHOIR;S SOLO AND SATB CHOIR;SSATB;1;2;1;1;1;0;5;S2A1T1B1;SSATB_MIXED_5V;LETRA_ACEPTADA:S
1063;S SOLO AND SATB CHORUS;S SOLO AND SATB CHORUS;SSATB;1;2;1;1;1;0;5;S2A1T1B1;SSATB_MIXED_5V;LETRA_ACEPTADA:S
1064;S.SAT.SAT;S.SAT.SAT;SSSAATT;1;3;2;2;0;0;7;S3A2T2;SSSAATT_FEMALE_7V;LETRA_ACEPTADA:S
1065;S.SATB;S.SATB;SSATB;1;2;1;1;1;0;5;S2A1T1B1;SSATB_MIXED_5V;LETRA_ACEPTADA:S
1066;S.SATB.SATB;S.SATB.SATB;SSSAATTBB;1;3;2;2;2;0;9;S3A2T2B2;SSSAATTBB_MIXED_9V;LETRA_ACEPTADA:S
1070;SA A TBAR;SA A TBAR;SAATB;1;1;2;1;1;0;5;S1A2T1B1;SAATB_MIXED_5V;LETRA_ACEPTADA:A
1072;SA DIVISI;SA DIVISI;SA;1;1;1;0;0;0;2;S1A1;SA_FEMALE_2V;-
1073;SA SOLOS;SA SOLOS;SA;1;1;1;0;0;0;2;S1A1;SA_FEMALE_2V;-
1075;SA.SA;SA.SA;SSAA;1;2;2;0;0;0;4;S2A2;SSAA_FEMALE_4V;-
1076;SA.SATB;SA.SATB;SSAATB;1;2;2;1;1;0;6;S2A2T1B1;SSAATB_MIXED_6V;-
1077;SA.TB;SA.TB;SATB;1;1;1;1;1;0;4;S1A1T1B1;SATB_MIXED_4V;-
1079;SAA.TTBB;SAA.TTBB;SAATTBB;1;1;2;2;2;0;7;S1A2T2B2;SAATTBB_MIXED_7V;-
1080;SAAATB.SSAATB;SAAATB.SSAATB;SSSAAAAATTBB;0;3;5;2;2;0;12;S3A5T2B2;SSSAAAAATTBB_MIXED_12V;-
1081;SAAB.SATB;SAAB.SATB;SSAAATBB;1;2;3;1;2;0;8;S2A3T1B2;SSAAATBB_MIXED_8V;-
1082;SAAB.STTB;SAAB.STTB;SSAATTBB;1;2;2;2;2;0;8;S2A2T2B2;SSAATTBB_MIXED_8V;-
1083;SAABARB.ATBARBB;SAABARB.ATBARBB;SAAATBBB;0;1;3;1;3;0;8;S1A3T1B3;SAAATBBB_MIXED_8V;-
1084;SAAT.ATTB;SAAT.ATTB;SAAATTTB;0;1;3;3;1;0;8;S1A3T3B1;SAAATTTB_MIXED_8V;-
1085;SAAT.BARBBB;SAAT.BARBBB;SAATBBB;0;1;2;1;3;0;7;S1A2T1B3;SAATBBB_MIXED_7V;-
1086;SAAT.BBBB;SAAT.BBBB;SAATBBBB;0;1;2;1;4;0;8;S1A2T1B4;SAATBBBB_MIXED_8V;-
1087;SAAT.SATB;SAAT.SATB;SSAAATTB;1;2;3;2;1;0;8;S2A3T2B1;SSAAATTB_MIXED_8V;-
1088;SAAT.SATB.AATB;SAAT.SATB.AATB;SSAAAAATTTBB;0;2;5;3;2;0;12;S2A5T3B2;SSAAAAATTTBB_MIXED_12V;-
1089;SAAT.SATTB;SAAT.SATTB;SSAAATTTB;1;2;3;3;1;0;9;S2A3T3B1;SSAAATTTB_MIXED_9V;-
1090;SAAT.TBBB;SAAT.TBBB;SAATTBBB;0;1;2;2;3;0;8;S1A2T2B3;SAATTBBB_MIXED_8V;-
1091;SAAT.TTBB;SAAT.TTBB;SAATTTBB;1;1;2;3;2;0;8;S1A2T3B2;SAATTTBB_MIXED_8V;-
1092;SAAT.TTTB;SAAT.TTTB;SAATTTTB;0;1;2;4;1;0;8;S1A2T4B1;SAATTTTB_MIXED_8V;-
1094;SAATB FINAL VERSE;SAATB FINAL VERSE;SAATB;1;1;2;1;1;0;5;S1A2T1B1;SAATB_MIXED_5V;-
1095;SAATB FULL;SAATB FULL;SAATB;1;1;2;1;1;0;5;S1A2T1B1;SAATB_MIXED_5V;-
1096;SAATB IN DONA NOBIS;SAATB IN DONA NOBIS;SAATB;1;1;2;1;1;0;5;S1A2T1B1;SAATB_MIXED_5V;-
1097;SAATB OR SATBARB;SAATB OR SATBARB;SSAAATTBB;1;2;3;2;2;0;9;S2A3T2B2;SSAAATTBB_MIXED_9V;-
1098;SAATB OR SATTB;SAATB OR SATTB;SSAAATTTBB;1;2;3;3;2;0;10;S2A3T3B2;SSAAATTTBB_MIXED_10V;-
1099;SAATB SATB AND SAA SECTIONS;SAATB SATB AND SAA SECTIONS;SSSAAAAATTBB;0;3;5;2;2;0;12;S3A5T2B2;SSSAAAAATTBB_MIXED_12V;-
1100;SAATB.AATTT;SAATB.AATTT;SAAAATTTTB;0;1;4;4;1;0;10;S1A4T4B1;SAAAATTTTB_MIXED_10V;-
1101;SAATB.SAATB;SAATB.SAATB;SSAAAATTBB;1;2;4;2;2;0;10;S2A4T2B2;SSAAAATTBB_MIXED_10V;-
1102;SAATB.SATTB;SAATB.SATTB;SSAAATTTBB;1;2;3;3;2;0;10;S2A3T3B2;SSAAATTTBB_MIXED_10V;-
1103;SAATB.SSATTB;SAATB.SSATTB;SSSAAATTTBB;0;3;3;3;2;0;11;S3A3T3B2;SSSAAATTTBB_MIXED_11V;-
1104;SAATTB.SAATTB;SAATTB.SAATTB;SSAAAATTTTBB;0;2;4;4;2;0;12;S2A4T4B2;SSAAAATTTTBB_MIXED_12V;-
1105;SAATTBB + TENOR SOLO;SAATTBB + TENOR SOLO;SAATTTBB;1;1;2;3;2;0;8;S1A2T3B2;SAATTTBB_MIXED_8V;-
1106;SAB.ATTB;SAB.ATTB;SAATTBB;1;1;2;2;2;0;7;S1A2T2B2;SAATTBB_MIXED_7V;-
1107;SAB.SATB;SAB.SATB;SSAATBB;1;2;2;1;2;0;7;S2A2T1B2;SSAATBB_MIXED_7V;-
1108;SAB.SATB.SATB.SATB.SSATB;SAB.SATB.SATB.SATB.SSATB;SSSSSSAAAAATTTTBBBBB;0;6;5;4;5;0;20;S6A5T4B5;SSSSSSAAAAATTTTBBBBB_MIXED_20V;-
1109;SAB.STTB;SAB.STTB;SSATTBB;1;2;1;2;2;0;7;S2A1T2B2;SSATTBB_MIXED_7V;-
1110;SABAR SOLI;SABAR SOLI;SAB;1;1;1;0;1;0;3;S1A1B1;SAB_MIXED_3V;-
1111;SAMEN;SAMEN;INVALID_OR_INSTRUMENTAL;0;0;0;0;0;0;0;-;-;SIN_VOZES_IDENTIFICABLES
1112;SAT B OPTIONAL;SAT B OPTIONAL;SATB;1;1;1;1;1;0;4;S1A1T1B1;SATB_MIXED_4V;LETRA_ACEPTADA:B
1113;SAT PART 3 SSATTB PART 4;SAT PART 3 SSATTB PART 4;SSSAATTTB;1;3;2;3;1;0;9;S3A2T3B1;SSSAATTTB_MIXED_9V;-
1115;SAT.ATB;SAT.ATB;SAATTB;1;1;2;2;1;0;6;S1A2T2B1;SAATTB_MIXED_6V;-
1116;SAT.ATB.TTB;SAT.ATB.TTB;SAATTTTBB;1;1;2;4;2;0;9;S1A2T4B2;SAATTTTBB_MIXED_9V;-
1117;SAT.ATTB;SAT.ATTB;SAATTTB;1;1;2;3;1;0;7;S1A2T3B1;SAATTTB_MIXED_7V;-
1118;SAT.SAB;SAT.SAB;SSAATB;1;2;2;1;1;0;6;S2A2T1B1;SSAATB_MIXED_6V;-
1119;SAT.SAT;SAT.SAT;SSAATT;1;2;2;2;0;0;6;S2A2T2;SSAATT_FEMALE_6V;-
1120;SAT.SATB;SAT.SATB;SSAATTB;1;2;2;2;1;0;7;S2A2T2B1;SSAATTB_MIXED_7V;-
1121;SAT.SATB.SAATTB;SAT.SATB.SAATTB;SSSAAAATTTTBB;0;3;4;4;2;0;13;S3A4T4B2;SSSAAAATTTTBB_MIXED_13V;-
1122;SAT.SATB.SATB;SAT.SATB.SATB;SSSAAATTTBB;0;3;3;3;2;0;11;S3A3T3B2;SSSAAATTTBB_MIXED_11V;-
1123;SAT.SATB.SSATT;SAT.SATB.SSATT;SSSSAAATTTTB;0;4;3;4;1;0;12;S4A3T4B1;SSSSAAATTTTB_MIXED_12V;-
1124;SAT.SATBB;SAT.SATBB;SSAATTBB;1;2;2;2;2;0;8;S2A2T2B2;SSAATTBB_MIXED_8V;-
1125;SAT.SSAT.SATB;SAT.SSAT.SATB;SSSSAAATTTB;0;4;3;3;1;0;11;S4A3T3B1;SSSSAAATTTB_MIXED_11V;-
1126;SAT.SSATB;SAT.SSATB;SSSAATTB;1;3;2;2;1;0;8;S3A2T2B1;SSSAATTB_MIXED_8V;-
1127;SAT.SSATBB;SAT.SSATBB;SSSAATTBB;1;3;2;2;2;0;9;S3A2T2B2;SSSAATTBB_MIXED_9V;-
1128;SAT.STB;SAT.STB;SSATTB;1;2;1;2;1;0;6;S2A1T2B1;SSATTB_MIXED_6V;-
1129;SAT.TTB.SATB.ATTB.SSSTB.SATTB.SSATTB;SAT.TTB.SATB.ATTB.SSSTB.SATTB.SSATTB;SSSSSSSSAAAAATTTTTTTTTTTBBBBBB;0;8;5;11;6;0;30;S8A5T11B6;SSSSSSSSAAAAATTTTTTTTTTTBBBBBB_MIXED_30V;-
1130;SATB + A SOLO;SATB + A SOLO;SAATB;1;1;2;1;1;0;5;S1A2T1B1;SAATB_MIXED_5V;LETRA_ACEPTADA:A
1131;SATB + ALTO SOLO;SATB + ALTO SOLO;SAATB;1;1;2;1;1;0;5;S1A2T1B1;SAATB_MIXED_5V;-
1132;SATB + B SOLO;SATB + B SOLO;SATBB;1;1;1;1;2;0;5;S1A1T1B2;SATBB_MIXED_5V;LETRA_ACEPTADA:B
1133;SATB + BAR IN 3D AGNUS;SATB + BAR IN 3D AGNUS;SATBB;1;1;1;1;2;0;5;S1A1T1B2;SATBB_MIXED_5V;LETRA_ACEPTADA:B
1134;SATB + BAR SOLO;SATB + BAR SOLO;SATBB;1;1;1;1;2;0;5;S1A1T1B2;SATBB_MIXED_5V;LETRA_ACEPTADA:B
1135;SATB + BARITONE SOLO;SATB + BARITONE SOLO;SATBB;1;1;1;1;2;0;5;S1A1T1B2;SATBB_MIXED_5V;LETRA_ACEPTADA:B
1137;SATB + S SOLO;SATB + S SOLO;SSATB;1;2;1;1;1;0;5;S2A1T1B1;SSATB_MIXED_5V;LETRA_ACEPTADA:S
1138;SATB + SATB SOLI;SATB + SATB SOLI;SSAATTBB;1;2;2;2;2;0;8;S2A2T2B2;SSAATTBB_MIXED_8V;-
1139;SATB + SOLI;SATB + SOLI;SATB;1;1;1;1;1;0;4;S1A1T1B1;SATB_MIXED_4V;-
1140;SATB + SOLO;SATB + SOLO;SATB;1;1;1;1;1;0;4;S1A1T1B1;SATB_MIXED_4V;-
1141;SATB + SOLO B;SATB + SOLO B;SATBB;1;1;1;1;2;0;5;S1A1T1B2;SATBB_MIXED_5V;LETRA_ACEPTADA:B
1142;SATB + SOLO BASS;SATB + SOLO BASS;SATBB;1;1;1;1;2;0;5;S1A1T1B2;SATBB_MIXED_5V;-
1143;SATB + SOLO MEZZO;SATB + SOLO MEZZO;SAATB;1;1;2;1;1;0;5;S1A2T1B1;SAATB_MIXED_5V;LETRA_ACEPTADA:A
1144;SATB + SOLO S;SATB + SOLO S;SSATB;1;2;1;1;1;0;5;S2A1T1B1;SSATB_MIXED_5V;LETRA_ACEPTADA:S
1145;SATB + SOLO SOPRANO;SATB + SOLO SOPRANO;SSATB;1;2;1;1;1;0;5;S2A1T1B1;SSATB_MIXED_5V;-
1146;SATB + SOLO SOPRANO AND SOLO TENOR;SATB + SOLO SOPRANO AND SOLO TENOR;SSATTB;1;2;1;2;1;0;6;S2A1T2B1;SSATTB_MIXED_6V;-
1147;SATB + SOLO ST;SATB + SOLO ST;SSATTB;1;2;1;2;1;0;6;S2A1T2B1;SSATTB_MIXED_6V;-
1148;SATB + SOLO STBB;SATB + SOLO STBB;SSATTBBB;1;2;1;2;3;0;8;S2A1T2B3;SSATTBBB_MIXED_8V;-
1149;SATB + SOLOIST;SATB + SOLOIST;SATB;1;1;1;1;1;0;4;S1A1T1B1;SATB_MIXED_4V;-
1150;SATB + SOP SOLO;SATB + SOP SOLO;SSATB;1;2;1;1;1;0;5;S2A1T1B1;SSATB_MIXED_5V;-
1151;SATB + SOPRANO;SATB + SOPRANO;SSATB;1;2;1;1;1;0;5;S2A1T1B1;SSATB_MIXED_5V;-
1152;SATB + SOPRANO SOLO;SATB + SOPRANO SOLO;SSATB;1;2;1;1;1;0;5;S2A1T1B1;SSATB_MIXED_5V;-
1153;SATB + SOPRANO SOLOIST;SATB + SOPRANO SOLOIST;SSATB;1;2;1;1;1;0;5;S2A1T1B1;SSATB_MIXED_5V;-
1154;SATB + T SOLO;SATB + T SOLO;SATTB;1;1;1;2;1;0;5;S1A1T2B1;SATTB_MIXED_5V;LETRA_ACEPTADA:T
1155;SATB + TENOR SOLO;SATB + TENOR SOLO;SATTB;1;1;1;2;1;0;5;S1A1T2B1;SATTB_MIXED_5V;-
1156;SATB AND AA SOLI;SATB AND AA SOLI;SAAATB;1;1;3;1;1;0;6;S1A3T1B1;SAAATB_MIXED_6V;-
1157;SATB AND SATB SEMI-CHORUS;SATB AND SATB SEMI-CHORUS;SSAATTBB;1;2;2;2;2;0;8;S2A2T2B2;SSAATTBB_MIXED_8V;MODIFICADOR_ELIMINADO
1158;SATB AND SOLO BARITONE;SATB AND SOLO BARITONE;SATBB;1;1;1;1;2;0;5;S1A1T1B2;SATBB_MIXED_5V;LETRA_ACEPTADA:B
1159;SATB AND SOLO SOP/TENOR;SATB AND SOLO SOP/TENOR;SSATTB;1;2;1;2;1;0;6;S2A1T2B1;SSATTB_MIXED_6V;-
1160;SATB AND SOLO SOPRANO;SATB AND SOLO SOPRANO;SSATB;1;2;1;1;1;0;5;S2A1T1B1;SSATB_MIXED_5V;-
1161;SATB AND SOLO SSA;SATB AND SOLO SSA;SSSAATB;1;3;2;1;1;0;7;S3A2T1B1;SSSAATB_MIXED_7V;-
1162;SATB AND SOME SPLITTING;SATB AND SOME SPLITTING;SATB;1;1;1;1;1;0;4;S1A1T1B1;SATB_MIXED_4V;-
1163;SATB AND SOPRANO SOLO;SATB AND SOPRANO SOLO;SSATB;1;2;1;1;1;0;5;S2A1T1B1;SSATB_MIXED_5V;-
1164;SATB AND T SOLO;SATB AND T SOLO;SATTB;1;1;1;2;1;0;5;S1A1T2B1;SATTB_MIXED_5V;LETRA_ACEPTADA:T
1165;SATB CHOIR;SATB CHOIR;SATB;1;1;1;1;1;0;4;S1A1T1B1;SATB_MIXED_4V;-
1166;SATB CHOIR AND SATB SOLOS;SATB CHOIR AND SATB SOLOS;SSAATTBB;1;2;2;2;2;0;8;S2A2T2B2;SSAATTBB_MIXED_8V;-
1167;SATB CHOIR AND SOPRANO & BARITONE SOLOS;SATB CHOIR AND SOPRANO & BARITONE SOLOS;SSATBB;1;2;1;1;2;0;6;S2A1T1B2;SSATBB_MIXED_6V;LETRA_ACEPTADA:B
1168;SATB CHOIR PLUS 9 SOLOISTS 4 SOPRANOS;SATB CHOIR PLUS 9 SOLOISTS 4 SOPRANOS;SSSSSATB;0;5;1;1;1;0;8;S5A1T1B1;SSSSSATB_MIXED_8V;MULTIPLICADOR:4xSOPRANOS
1169;SATB CHORUS AND SATB SEMI-CHORUS;SATB CHORUS AND SATB SEMI-CHORUS;SSAATTBB;1;2;2;2;2;0;8;S2A2T2B2;SSAATTBB_MIXED_8V;MODIFICADOR_ELIMINADO
1170;SATB CHORUS S AND A AND T SOLOS;SATB CHORUS S AND A AND T SOLOS;SSAATTB;1;2;2;2;1;0;7;S2A2T2B1;SSAATTB_MIXED_7V;"LETRA_ACEPTADA:S; LETRA_ACEPTADA:A; LETRA_ACEPTADA:T"
1171;SATB CHORUS T AND B SOLOS;SATB CHORUS T AND B SOLOS;SATTBB;1;1;1;2;2;0;6;S1A1T2B2;SATTBB_MIXED_6V;"LETRA_ACEPTADA:T; LETRA_ACEPTADA:B"
1172;SATB CHORUS T AND S AND A AND B SOLOS;SATB CHORUS T AND S AND A AND B SOLOS;SSAATTBB;1;2;2;2;2;0;8;S2A2T2B2;SSAATTBB_MIXED_8V;"LETRA_ACEPTADA:T; LETRA_ACEPTADA:S; LETRA_ACEPTADA:A; LETRA_ACEPTADA:B"
1173;SATB DIV;SATB DIV;SATB;1;1;1;1;1;0;4;S1A1T1B1;SATB_MIXED_4V;-
1174;SATB DIV + RECIT;SATB DIV + RECIT;SATB;1;1;1;1;1;0;4;S1A1T1B1;SATB_MIXED_4V;-
1175;SATB DIVISI;SATB DIVISI;SATB;1;1;1;1;1;0;4;S1A1T1B1;SATB_MIXED_4V;-
1176;SATB DIVSI;SATB DIVSI;SATB;1;1;1;1;1;0;4;S1A1T1B1;SATB_MIXED_4V;-
1177;SATB PLUS ORFEO ALTO CASTRATO;SATB PLUS ORFEO ALTO CASTRATO;SAATB;1;1;2;1;1;0;5;S1A2T1B1;SAATB_MIXED_5V;-
1178;SATB QUARTET OR CHORUS;SATB QUARTET OR CHORUS;SATB;1;1;1;1;1;0;4;S1A1T1B1;SATB_MIXED_4V;-
1179;SATB SATBB FOR DONA NOBIS;SATB SATBB FOR DONA NOBIS;SSAATTBBB;1;2;2;2;3;0;9;S2A2T2B3;SSAATTBBB_MIXED_9V;-
1182;SATB SOLO QUARTET;SATB SOLO QUARTET;SATB;1;1;1;1;1;0;4;S1A1T1B1;SATB_MIXED_4V;-
1183;SATB SOLOS/SATB CHOIR;SATB SOLOS/SATB CHOIR;SSAATTBB;1;2;2;2;2;0;8;S2A2T2B2;SSAATTBB_MIXED_8V;-
1184;SATB UNLESS OTHERWISE INDICATED;SATB UNLESS OTHERWISE INDICATED;SATB;1;1;1;1;1;0;4;S1A1T1B1;SATB_MIXED_4V;-
1185;SATB WITH DIV;SATB WITH DIV;SATB;1;1;1;1;1;0;4;S1A1T1B1;SATB_MIXED_4V;-
1186;SATB WITH DIVISI;SATB WITH DIVISI;SATB;1;1;1;1;1;0;4;S1A1T1B1;SATB_MIXED_4V;-
1187;SATB WITH DIVISIONS;SATB WITH DIVISIONS;SATB;1;1;1;1;1;0;4;S1A1T1B1;SATB_MIXED_4V;-
1188;SATB WITH MINOR DIVISI;SATB WITH MINOR DIVISI;SATB;1;1;1;1;1;0;4;S1A1T1B1;SATB_MIXED_4V;-
1189;SATB WITH QUARTET;SATB WITH QUARTET;SATB;1;1;1;1;1;0;4;S1A1T1B1;SATB_MIXED_4V;-
1190;SATB WITH S AND T SOLI;SATB WITH S AND T SOLI;SSATTB;1;2;1;2;1;0;6;S2A1T2B1;SSATTB_MIXED_6V;"LETRA_ACEPTADA:S; LETRA_ACEPTADA:T"
1191;SATB WITH S DESCANT;SATB WITH S DESCANT;SSATB;1;2;1;1;1;0;5;S2A1T1B1;SSATB_MIXED_5V;LETRA_ACEPTADA:S
1192;SATB WITH S DIV;SATB WITH S DIV;SSATB;1;2;1;1;1;0;5;S2A1T1B1;SSATB_MIXED_5V;LETRA_ACEPTADA:S
1193;SATB WITH S SOLO;SATB WITH S SOLO;SSATB;1;2;1;1;1;0;5;S2A1T1B1;SSATB_MIXED_5V;LETRA_ACEPTADA:S
1194;SATB WITH SOLO S T;SATB WITH SOLO S T;SSATTB;1;2;1;2;1;0;6;S2A1T2B1;SSATTB_MIXED_6V;"LETRA_ACEPTADA:S; LETRA_ACEPTADA:T"
1195;SATB WITH SOLOIST;SATB WITH SOLOIST;SATB;1;1;1;1;1;0;4;S1A1T1B1;SATB_MIXED_4V;-
1196;SATB WITH SOME DIVISI;SATB WITH SOME DIVISI;SATB;1;1;1;1;1;0;4;S1A1T1B1;SATB_MIXED_4V;-
1197;SATB WITH T SOLO;SATB WITH T SOLO;SATTB;1;1;1;2;1;0;5;S1A1T2B1;SATTB_MIXED_5V;LETRA_ACEPTADA:T
1198;SATB WITH TB DIVISI LAST 4 MEASURES;SATB WITH TB DIVISI LAST 4 MEASURES;SATTBB;1;1;1;2;2;0;6;S1A1T2B2;SATTBB_MIXED_6V;-
1200;SATB.AATB;SATB.AATB;SAAATTBB;1;1;3;2;2;0;8;S1A3T2B2;SAAATTBB_MIXED_8V;-
1201;SATB.AATT;SATB.AATT;SAAATTTB;0;1;3;3;1;0;8;S1A3T3B1;SAAATTTB_MIXED_8V;-
1202;SATB.ATBB;SATB.ATBB;SAATTBBB;0;1;2;2;3;0;8;S1A2T2B3;SAATTBBB_MIXED_8V;-
1203;SATB.ATBB.ATBB;SATB.ATBB.ATBB;SAAATTTBBBBB;0;1;3;3;5;0;12;S1A3T3B5;SAAATTTBBBBB_MIXED_12V;-
1204;SATB.ATBB.SATB.AB.SB;SATB.ATBB.SATB.AB.SB;SSSAAAATTTBBBBBB;0;3;4;3;6;0;16;S3A4T3B6;SSSAAAATTTBBBBBB_MIXED_16V;-
1205;SATB.ATBB.TBBB;SATB.ATBB.TBBB;SAATTTBBBBBB;0;1;2;3;6;0;12;S1A2T3B6;SAATTTBBBBBB_MIXED_12V;-
1206;SATB.ATTB;SATB.ATTB;SAATTTBB;1;1;2;3;2;0;8;S1A2T3B2;SAATTTBB_MIXED_8V;-
1207;SATB.ATTB.ATTB;SATB.ATTB.ATTB;SAAATTTTTBBB;0;1;3;5;3;0;12;S1A3T5B3;SAAATTTTTBBB_MIXED_12V;-
1208;SATB.ATTB.SATB;SATB.ATTB.SATB;SSAAATTTTBBB;1;2;3;4;3;0;12;S2A3T4B3;SSAAATTTTBBB_MIXED_12V;-
1209;SATB.ATTB.STTTB;SATB.ATTB.STTTB;SSAATTTTTTBBB;0;2;2;6;3;0;13;S2A2T6B3;SSAATTTTTTBBB_MIXED_13V;-
1210;SATB.S;SATB.S;SSATB;1;2;1;1;1;0;5;S2A1T1B1;SSATB_MIXED_5V;LETRA_ACEPTADA:S
1211;SATB.SAT;SATB.SAT;SSAATTB;1;2;2;2;1;0;7;S2A2T2B1;SSAATTB_MIXED_7V;-
1212;SATB.SATB;SATB.SATB;SSAATTBB;1;2;2;2;2;0;8;S2A2T2B2;SSAATTBB_MIXED_8V;-
1213;SATB.SATB + SOLO SATB;SATB.SATB + SOLO SATB;SSSAAATTTBBB;1;3;3;3;3;0;12;S3A3T3B3;SSSAAATTTBBB_MIXED_12V;-
1214;SATB.SATB + SOLO TENOR;SATB.SATB + SOLO TENOR;SSAATTTBB;1;2;2;3;2;0;9;S2A2T3B2;SSAATTTBB_MIXED_9V;-
1215;SATB.SATB AND SMALLER DIVISIONS;SATB.SATB AND SMALLER DIVISIONS;SSAATTBB;1;2;2;2;2;0;8;S2A2T2B2;SSAATTBB_MIXED_8V;-
1216;SATB.SATB WITH TENOR SOLO;SATB.SATB WITH TENOR SOLO;SSAATTTBB;1;2;2;3;2;0;9;S2A2T3B2;SSAATTTBB_MIXED_9V;-
1217;SATB.SATB.ATB;SATB.SATB.ATB;SSAAATTTBBB;1;2;3;3;3;0;11;S2A3T3B3;SSAAATTTBBB_MIXED_11V;-
1218;SATB.SATB.ATBB;SATB.SATB.ATBB;SSAAATTTBBBB;1;2;3;3;4;0;12;S2A3T3B4;SSAAATTTBBBB_MIXED_12V;-
1219;SATB.SATB.ATTB;SATB.SATB.ATTB;SSAAATTTTBBB;1;2;3;4;3;0;12;S2A3T4B3;SSAAATTTTBBB_MIXED_12V;-
1220;SATB.SATB.ATTB.SATB;SATB.SATB.ATTB.SATB;SSSAAAATTTTTBBBB;0;3;4;5;4;0;16;S3A4T5B4;SSSAAAATTTTTBBBB_MIXED_16V;-
1221;SATB.SATB.ATTB.TTBB;SATB.SATB.ATTB.TTBB;SSAAATTTTTTBBBBB;0;2;3;6;5;0;16;S2A3T6B5;SSAAATTTTTTBBBBB_MIXED_16V;-
1222;SATB.SATB.B;SATB.SATB.B;SSAATTBBB;1;2;2;2;3;0;9;S2A2T2B3;SSAATTBBB_MIXED_9V;LETRA_ACEPTADA:B
1223;SATB.SATB.SAB.SSATB.SATB;SATB.SATB.SAB.SSATB.SATB;SSSSSSAAAAATTTTBBBBB;0;6;5;4;5;0;20;S6A5T4B5;SSSSSSAAAAATTTTBBBBB_MIXED_20V;-
1224;SATB.SATB.SATB;SATB.SATB.SATB;SSSAAATTTBBB;1;3;3;3;3;0;12;S3A3T3B3;SSSAAATTTBBB_MIXED_12V;-
1225;SATB.SATB.SATB.SATB;SATB.SATB.SATB.SATB;SSSSAAAATTTTBBBB;1;4;4;4;4;0;16;S4A4T4B4;SSSSAAAATTTTBBBB_MIXED_16V;-
1226;SATB.SATB.SATB.SATB.SATB.SATB;SATB.SATB.SATB.SATB.SATB.SATB;SSSSSSAAAAAATTTTTTBBBBBB;1;6;6;6;6;0;24;S6A6T6B6;SSSSSSAAAAAATTTTTTBBBBBB_MIXED_24V;-
1227;SATB.SATB.SATB.SATB.SATB.SATB.SATB.SATB.SATB;SATB.SATB.SATB.SATB.SATB.SATB.SATB.SATB.SATB;SSSSSSSSSAAAAAAAAATTTTTTTTTBBBBBBBBB;0;9;9;9;9;0;36;S9A9T9B9;SSSSSSSSSAAAAAAAAATTTTTTTTTBBBBBBBBB_MIXED_36V;-
1228;SATB.SATB.SATB.SATB.SATB.SATB.SATB.SATB.SATB.SATB;SATB.SATB.SATB.SATB.SATB.SATB.SATB.SATB.SATB.SATB;SSSSSSSSSSAAAAAAAAAATTTTTTTTTTBBBBBBBBBB;0;10;10;10;10;0;40;S10A10T10B10;SSSSSSSSSSAAAAAAAAAATTTTTTTTTTBBBBBBBBBB_MIXED_40V;-
1229;SATB.SATB.SSATBB;SATB.SATB.SSATBB;SSSSAAATTTBBBB;0;4;3;3;4;0;14;S4A3T3B4;SSSSAAATTTBBBB_MIXED_14V;-
1230;SATB.SATB.SSATTB;SATB.SATB.SSATTB;SSSSAAATTTTBBB;0;4;3;4;3;0;14;S4A3T4B3;SSSSAAATTTTBBB_MIXED_14V;-
1231;SATB.SATB.SSSATB.SATTBB;SATB.SATB.SSSATB.SATTBB;SSSSSSAAAATTTTTBBBBB;0;6;4;5;5;0;20;S6A4T5B5;SSSSSSAAAATTTTTBBBBB_MIXED_20V;-
1232;SATB.SATB.T.T;SATB.SATB.T.T;SSAATTTTBB;1;2;2;4;2;0;10;S2A2T4B2;SSAATTTTBB_MIXED_10V;"LETRA_ACEPTADA:T; LETRA_ACEPTADA:T"
1233;SATB.SATB.TTBB;SATB.SATB.TTBB;SSAATTTTBBBB;0;2;2;4;4;0;12;S2A2T4B4;SSAATTTTBBBB_MIXED_12V;-
1234;SATB.SATBAR;SATB.SATBAR;SSAATTBB;1;2;2;2;2;0;8;S2A2T2B2;SSAATTBB_MIXED_8V;-
1235;SATB.SATBB;SATB.SATBB;SSAATTBBB;1;2;2;2;3;0;9;S2A2T2B3;SSAATTBBB_MIXED_9V;-
1236;SATB.SATT;SATB.SATT;SSAATTTB;1;2;2;3;1;0;8;S2A2T3B1;SSAATTTB_MIXED_8V;-
1237;SATB.SATTB;SATB.SATTB;SSAATTTBB;1;2;2;3;2;0;9;S2A2T3B2;SSAATTTBB_MIXED_9V;-
1238;SATB.SATTB.SATT;SATB.SATTB.SATT;SSSAAATTTTTBB;1;3;3;5;2;0;13;S3A3T5B2;SSSAAATTTTTBB_MIXED_13V;-
1239;SATB.SATTBB;SATB.SATTBB;SSAATTTBBB;1;2;2;3;3;0;10;S2A2T3B3;SSAATTTBBB_MIXED_10V;-
1240;SATB.SATTTB;SATB.SATTTB;SSAATTTTBB;1;2;2;4;2;0;10;S2A2T4B2;SSAATTTTBB_MIXED_10V;-
1241;SATB.SSAAT.ATBBB;SATB.SSAAT.ATBBB;SSSAAAATTTBBBB;0;3;4;3;4;0;14;S3A4T3B4;SSSAAAATTTBBBB_MIXED_14V;-
1242;SATB.SSAAT.ATTBB;SATB.SSAAT.ATTBB;SSSAAAATTTTBBB;0;3;4;4;3;0;14;S3A4T4B3;SSSAAAATTTTBBB_MIXED_14V;-
1243;SATB.SSAATB;SATB.SSAATB;SSSAAATTBB;0;3;3;2;2;0;10;S3A3T2B2;SSSAAATTBB_MIXED_10V;-
1244;SATB.SSAATT;SATB.SSAATT;SSSAAATTTB;0;3;3;3;1;0;10;S3A3T3B1;SSSAAATTTB_MIXED_10V;-
1245;SATB.SSAT.ATBB.SSATTB;SATB.SSAT.ATBB.SSATTB;SSSSSAAAATTTTTBBBB;0;5;4;5;4;0;18;S5A4T5B4;SSSSSAAAATTTTTBBBB_MIXED_18V;-
1246;SATB.SSATB;SATB.SSATB;SSSAATTBB;1;3;2;2;2;0;9;S3A2T2B2;SSSAATTBB_MIXED_9V;-
1247;SATB.SSATT;SATB.SSATT;SSSAATTTB;1;3;2;3;1;0;9;S3A2T3B1;SSSAATTTB_MIXED_9V;-
1248;SATB.SSATTB;SATB.SSATTB;SSSAATTTBB;1;3;2;3;2;0;10;S3A2T3B2;SSSAATTTBB_MIXED_10V;-
1249;SATB.SSATTBB;SATB.SSATTBB;SSSAATTTBBB;0;3;2;3;3;0;11;S3A2T3B3;SSSAATTTBBB_MIXED_11V;-
1250;SATB.SSST;SATB.SSST;SSSSATTB;0;4;1;2;1;0;8;S4A1T2B1;SSSSATTB_MIXED_8V;-
1251;SATB.SSTTB;SATB.SSTTB;SSSATTTBB;0;3;1;3;2;0;9;S3A1T3B2;SSSATTTBB_MIXED_9V;-
1252;SATB.STTB;SATB.STTB;SSATTTBB;1;2;1;3;2;0;8;S2A1T3B2;SSATTTBB_MIXED_8V;-
1253;SATB.STTB.ATTB.TTBB;SATB.STTB.ATTB.TTBB;SSAATTTTTTTBBBBB;0;2;2;7;5;0;16;S2A2T7B5;SSAATTTTTTTBBBBB_MIXED_16V;-
1254;SATB.TBARBARB;SATB.TBARBARB;SATTBBBB;0;1;1;2;4;0;8;S1A1T2B4;SATTBBBB_MIXED_8V;-
1255;SATB.TBBB;SATB.TBBB;SATTBBBB;0;1;1;2;4;0;8;S1A1T2B4;SATTBBBB_MIXED_8V;-
1256;SATB.TTBB;SATB.TTBB;SATTTBBB;1;1;1;3;3;0;8;S1A1T3B3;SATTTBBB_MIXED_8V;-
1257;SATB.TTSS;SATB.TTSS;SSSATTTB;1;3;1;3;1;0;8;S3A1T3B1;SSSATTTB_MIXED_8V;-
1258;SATB.TTTB;SATB.TTTB;SATTTTBB;1;1;1;4;2;0;8;S1A1T4B2;SATTTTBB_MIXED_8V;-
1259;SATB/SSAT;SATB/SSAT;SSSAATTB;1;3;2;2;1;0;8;S3A2T2B1;SSSAATTB_MIXED_8V;-
1260;SATB/SSATBB;SATB/SSATBB;SSSAATTBBB;1;3;2;2;3;0;10;S3A2T2B3;SSSAATTBBB_MIXED_10V;-
1261;SATB/SSATBB/SATB;SATB/SSATBB/SATB;SSSSAAATTTBBBB;0;4;3;3;4;0;14;S4A3T3B4;SSSSAAATTTBBBB_MIXED_14V;-
1264;SATB+CHILDREN'S CHORUS;SATB+CHILDREN'S CHORUS;SATB;1;1;1;1;1;0;4;S1A1T1B1;SATB_MIXED_4V;-
1266;SATBAR SOLI AND ORGAN;SATBAR SOLI AND ORGAN;SATB;1;1;1;1;1;0;4;S1A1T1B1;SATB_MIXED_4V;-
1267;SATBAR.ATBARB;SATBAR.ATBARB;SAATTBB;1;1;2;2;2;0;7;S1A2T2B2;SAATTBB_MIXED_7V;-
1268;SATBAR.ATBARB.TBARBB;SATBAR.ATBARB.TBARBB;SAATTTBBBB;0;1;2;3;4;0;10;S1A2T3B4;SAATTTBBBB_MIXED_10V;-
1269;SATBAR.ATTB;SATBAR.ATTB;SAATTTBB;1;1;2;3;2;0;8;S1A2T3B2;SAATTTBB_MIXED_8V;-
1270;SATBAR.SATB;SATBAR.SATB;SSAATTBB;1;2;2;2;2;0;8;S2A2T2B2;SSAATTBB_MIXED_8V;-
1271;SATBAR.STTBAR.ATTB.TTBARB;SATBAR.STTBAR.ATTB.TTBARB;SSAATTTTTTTBBBB;0;2;2;7;4;0;15;S2A2T7B4;SSAATTTTTTTBBBB_MIXED_15V;-
1272;SATBAR.TBARBARB;SATBAR.TBARBARB;SATTBBBB;0;1;1;2;4;0;8;S1A1T2B4;SATTBBBB_MIXED_8V;-
1273;SATBAR.TTBARB;SATBAR.TTBARB;SATTTBB;1;1;1;3;2;0;7;S1A1T3B2;SATTTBB_MIXED_7V;-
1274;SATBARB OR TTBARB;SATBARB OR TTBARB;SATTTBB;1;1;1;3;2;0;7;S1A1T3B2;SATTTBB_MIXED_7V;-
1275;SATBB + SOLO BARITONO/ALTO;SATBB + SOLO BARITONO/ALTO;SAATBBB;0;1;2;1;3;0;7;S1A2T1B3;SAATBBB_MIXED_7V;LETRA_ACEPTADA:B
1276;SATBB ATBBB;SATBB ATBBB;SAATTBBBBB;0;1;2;2;5;0;10;S1A2T2B5;SAATTBBBBB_MIXED_10V;-
1277;SATBB.SATB;SATBB.SATB;SSAATTBBB;1;2;2;2;3;0;9;S2A2T2B3;SSAATTBBB_MIXED_9V;-
1278;SATBB.SATBB;SATBB.SATBB;SSAATTBBBB;1;2;2;2;4;0;10;S2A2T2B4;SSAATTBBBB_MIXED_10V;-
1279;SATBB.SATBB.SATBB.SATBB.SATBB.SATBB.SATBB.SATBB;SATBB.SATBB.SATBB.SATBB.SATBB.SATBB.SATBB.SATBB;SSSSSSSSAAAAAAAATTTTTTTTBBBBBBBBBBBBBBBB;0;8;8;8;16;0;40;S8A8T8B16;SSSSSSSSAAAAAAAATTTTTTTTBBBBBBBBBBBBBBBB_MIXED_40V;-
1280;SATBB.SATTB;SATBB.SATTB;SSAATTTBBB;1;2;2;3;3;0;10;S2A2T3B3;SSAATTTBBB_MIXED_10V;-
1281;SATBB.SSAATTB;SATBB.SSAATTB;SSSAAATTTBBB;1;3;3;3;3;0;12;S3A3T3B3;SSSAAATTTBBB_MIXED_12V;-
1282;SATBB.SSATB;SATBB.SSATB;SSSAATTBBB;1;3;2;2;3;0;10;S3A2T2B3;SSSAATTBBB_MIXED_10V;-
1283;SATT.ATBB;SATT.ATBB;SAATTTBB;1;1;2;3;2;0;8;S1A2T3B2;SAATTTBB_MIXED_8V;-
1284;SATT.ATTB;SATT.ATTB;SAATTTTB;0;1;2;4;1;0;8;S1A2T4B1;SAATTTTB_MIXED_8V;-
1285;SATT.ATTB.TBBB;SATT.ATTB.TBBB;SAATTTTTBBBB;0;1;2;5;4;0;12;S1A2T5B4;SAATTTTTBBBB_MIXED_12V;-
1286;SATT.ATTB.TTBB;SATT.ATTB.TTBB;SAATTTTTTBBB;0;1;2;6;3;0;12;S1A2T6B3;SAATTTTTTBBB_MIXED_12V;-
1287;SATT.ATTB.TTTB;SATT.ATTB.TTTB;SAATTTTTTTBB;0;1;2;7;2;0;12;S1A2T7B2;SAATTTTTTTBB_MIXED_12V;-
1288;SATT.SATB;SATT.SATB;SSAATTTB;1;2;2;3;1;0;8;S2A2T3B1;SSAATTTB_MIXED_8V;-
1289;SATT.SATB.SATB;SATT.SATB.SATB;SSSAAATTTTBB;1;3;3;4;2;0;12;S3A3T4B2;SSSAAATTTTBB_MIXED_12V;-
1290;SATT.SATT;SATT.SATT;SSAATTTT;1;2;2;4;0;0;8;S2A2T4;SSAATTTT_FEMALE_8V;-
1291;SATT.SSAT;SATT.SSAT;SSSAATTT;0;3;2;3;0;0;8;S3A2T3;SSSAATTT_FEMALE_8V;-
1292;SATT.SSATB;SATT.SSATB;SSSAATTTB;1;3;2;3;1;0;9;S3A2T3B1;SSSAATTTB_MIXED_9V;-
1293;SATT.SSATTB;SATT.SSATTB;SSSAATTTTB;0;3;2;4;1;0;10;S3A2T4B1;SSSAATTTTB_MIXED_10V;-
1294;SATT.STTB;SATT.STTB;SSATTTTB;0;2;1;4;1;0;8;S2A1T4B1;SSATTTTB_MIXED_8V;-
1295;SATT.TBB;SATT.TBB;SATTTBB;1;1;1;3;2;0;7;S1A1T3B2;SATTTBB_MIXED_7V;-
1296;SATT.TTBB;SATT.TTBB;SATTTTBB;1;1;1;4;2;0;8;S1A1T4B2;SATTTTBB_MIXED_8V;-
1297;SATT.TTTB;SATT.TTTB;SATTTTTB;0;1;1;5;1;0;8;S1A1T5B1;SATTTTTB_MIXED_8V;-
1298;SATTB OR S-SATB;SATTB OR S-SATB;SSSAATTTBB;1;3;2;3;2;0;10;S3A2T3B2;SSSAATTTBB_MIXED_10V;LETRA_ACEPTADA:S
1299;SATTB SOME PARTS ARE SSAA;SATTB SOME PARTS ARE SSAA;SSSAAATTB;0;3;3;2;1;0;9;S3A3T2B1;SSSAAATTB_MIXED_9V;-
1300;SATTB.ATBBB;SATTB.ATBBB;SAATTTBBBB;0;1;2;3;4;0;10;S1A2T3B4;SAATTTBBBB_MIXED_10V;-
1301;SATTB.ATTB;SATTB.ATTB;SAATTTTBB;1;1;2;4;2;0;9;S1A2T4B2;SAATTTTBB_MIXED_9V;-
1302;SATTB.ATTBB;SATTB.ATTBB;SAATTTTBBB;0;1;2;4;3;0;10;S1A2T4B3;SAATTTTBBB_MIXED_10V;-
1303;SATTB.SA;SATTB.SA;SSAATTB;1;2;2;2;1;0;7;S2A2T2B1;SSAATTB_MIXED_7V;-
1304;SATTB.SAATB;SATTB.SAATB;SSAAATTTBB;1;2;3;3;2;0;10;S2A3T3B2;SSAAATTTBB_MIXED_10V;-
1305;SATTB.SATB;SATTB.SATB;SSAATTTBB;1;2;2;3;2;0;9;S2A2T3B2;SSAATTTBB_MIXED_9V;-
1306;SATTB.SATB.SSAT.ATBB;SATTB.SATB.SSAT.ATBB;SSSSAAAATTTTTBBBB;0;4;4;5;4;0;17;S4A4T5B4;SSSSAAAATTTTTBBBB_MIXED_17V;-
1307;SATTB.SATBB;SATTB.SATBB;SSAATTTBBB;1;2;2;3;3;0;10;S2A2T3B3;SSAATTTBBB_MIXED_10V;-
1308;SATTB.SATBB.STTBB;SATTB.SATBB.STTBB;SSSAATTTTTBBBBB;0;3;2;5;5;0;15;S3A2T5B5;SSSAATTTTTBBBBB_MIXED_15V;-
1309;SATTB.SATTB;SATTB.SATTB;SSAATTTTBB;1;2;2;4;2;0;10;S2A2T4B2;SSAATTTTBB_MIXED_10V;-
1310;SATTB.SATTB.SATTB;SATTB.SATTB.SATTB;SSSAAATTTTTTBBB;0;3;3;6;3;0;15;S3A3T6B3;SSSAAATTTTTTBBB_MIXED_15V;-
1311;SATTB.SATTT;SATTB.SATTT;SSAATTTTTB;0;2;2;5;1;0;10;S2A2T5B1;SSAATTTTTB_MIXED_10V;-
1312;SATTB.SSAB;SATTB.SSAB;SSSAATTBB;1;3;2;2;2;0;9;S3A2T2B2;SSSAATTBB_MIXED_9V;-
1313;SATTB.SSATB;SATTB.SSATB;SSSAATTTBB;1;3;2;3;2;0;10;S3A2T3B2;SSSAATTTBB_MIXED_10V;-
1314;SATTB.SSATTB;SATTB.SSATTB;SSSAATTTTBB;0;3;2;4;2;0;11;S3A2T4B2;SSSAATTTTBB_MIXED_11V;-
1315;SATTB.SSSTB.SAT.TTB.SATB.ATTB.SSATTB;SATTB.SSSTB.SAT.TTB.SATB.ATTB.SSATTB;SSSSSSSSAAAAATTTTTTTTTTTBBBBBB;0;8;5;11;6;0;30;S8A5T11B6;SSSSSSSSAAAAATTTTTTTTTTTBBBBBB_MIXED_30V;-
1316;SATTB.STTBB;SATTB.STTBB;SSATTTTBBB;1;2;1;4;3;0;10;S2A1T4B3;SSATTTTBBB_MIXED_10V;-
1317;SATTB.STTTB;SATTB.STTTB;SSATTTTTBB;0;2;1;5;2;0;10;S2A1T5B2;SSATTTTTBB_MIXED_10V;-
1318;SATTBARB WITH DIVISIONS;SATTBARB WITH DIVISIONS;SATTB;1;1;1;2;1;0;5;S1A1T2B1;SATTB_MIXED_5V;-
1319;SATTBARB.SATB.SATB;SATTBARB.SATB.SATB;SSSAAATTTTBBB;1;3;3;4;3;0;13;S3A3T4B3;SSSAAATTTTBBB_MIXED_13V;-
1320;SATTBARB.SATTBARB;SATTBARB.SATTBARB;SSAATTTTBB;1;2;2;4;2;0;10;S2A2T4B2;SSAATTTTBB_MIXED_10V;-
1321;SATTBB & T SOLO;SATTBB & T SOLO;SATTTBB;1;1;1;3;2;0;7;S1A1T3B2;SATTTBB_MIXED_7V;LETRA_ACEPTADA:T
1322;SATTBB WITH BARITONE SOLO;SATTBB WITH BARITONE SOLO;SATTBBB;1;1;1;2;3;0;7;S1A1T2B3;SATTBBB_MIXED_7V;LETRA_ACEPTADA:B
1323;SATTBB.SATTBB;SATTBB.SATTBB;SSAATTTTBBBB;0;2;2;4;4;0;12;S2A2T4B4;SSAATTTTBBBB_MIXED_12V;-
1324;SB IN DUET;SB IN DUET;SB;1;1;0;0;1;0;2;S1B1;SB_MIXED_2V;-
1325;SB.SATB;SB.SATB;SSATBB;1;2;1;1;2;0;6;S2A1T1B2;SSATBB_MIXED_6V;-
1326;SB.SATTB;SB.SATTB;SSATTBB;1;2;1;2;2;0;7;S2A1T2B2;SSATTBB_MIXED_7V;-
1327;SCTTB;SCTTB;STTBC;0;1;0;2;1;1;5;S1T2B1C1;STTBC_MIXED_CT_5V;-
1328;SEE EDITION NOTES;SEE EDITION NOTES;INVALID_OR_INSTRUMENTAL;0;0;0;0;0;0;0;-;-;SIN_VOZES_IDENTIFICABLES
1329;SICUT ERAT IN PRINCIPIO SAATTB;SICUT ERAT IN PRINCIPIO SAATTB;SAATTB;1;1;2;2;1;0;6;S1A2T2B1;SAATTB_MIXED_6V;-
1330;SICUT LOCUTUS EST ATBB;SICUT LOCUTUS EST ATBB;ATBB;1;0;1;1;2;0;4;A1T1B2;ATBB_ALT_MALE_4V;-
1331;SMA;SMA;SA;1;1;1;0;0;0;2;S1A1;SA_FEMALE_2V;-
1332;SMAATTBARB;SMAATTBARB;SAATTB;1;1;2;2;1;0;6;S1A2T2B1;SAATTB_MIXED_6V;-
1333;SMAB;SMAB;SAB;1;1;1;0;1;0;3;S1A1B1;SAB_MIXED_3V;-
1334;SMATB;SMATB;SATB;1;1;1;1;1;0;4;S1A1T1B1;SATB_MIXED_4V;-
1335;SMATBARB;SMATBARB;SATB;1;1;1;1;1;0;4;S1A1T1B1;SATB_MIXED_4V;-
1336;SMEZA;SMEZA;SAA;1;1;2;0;0;0;3;S1A2;SAA_FEMALE_3V;-
1337;SMEZATB;SMEZATB;SAATB;1;1;2;1;1;0;5;S1A2T1B1;SAATB_MIXED_5V;-
1338;SMMATB;SMMATB;SATB;1;1;1;1;1;0;4;S1A1T1B1;SATB_MIXED_4V;-
1339;SMSA;SMSA;SSA;1;2;1;0;0;0;3;S2A1;SSA_FEMALE_3V;-
1340;SMSAATB;SMSAATB;SSAATB;1;2;2;1;1;0;6;S2A2T1B1;SSAATB_MIXED_6V;-
1341;SMSAATBARB;SMSAATBARB;SSAATB;1;2;2;1;1;0;6;S2A2T1B1;SSAATB_MIXED_6V;-
1342;SMSABAR.ATTB;SMSABAR.ATTB;SSAATTBB;1;2;2;2;2;0;8;S2A2T2B2;SSAATTBB_MIXED_8V;-
1343;SMSAT.ATTB;SMSAT.ATTB;SSAATTTB;1;2;2;3;1;0;8;S2A2T3B1;SSAATTTB_MIXED_8V;-
1344;SMSATB;SMSATB;SSATB;1;2;1;1;1;0;5;S2A1T1B1;SSATB_MIXED_5V;-
1345;SMSATBARB;SMSATBARB;SSATB;1;2;1;1;1;0;5;S2A1T1B1;SSATB_MIXED_5V;-
1346;SMSATTB;SMSATTB;SSATTB;1;2;1;2;1;0;6;S2A1T2B1;SSATTB_MIXED_6V;-
1347;SMSMSA;SMSMSA;SSSA;1;3;1;0;0;0;4;S3A1;SSSA_FEMALE_4V;-
1348;SMSMSAA;SMSMSAA;SSSAA;1;3;2;0;0;0;5;S3A2;SSSAA_FEMALE_5V;-
1349;SMST.SMSAB;SMST.SMSAB;SSSSATB;1;4;1;1;1;0;7;S4A1T1B1;SSSSATB_MIXED_7V;-
1350;SMTB SOLOS + SATB;SMTB SOLOS + SATB;SSATTBB;1;2;1;2;2;0;7;S2A1T2B2;SSATTBB_MIXED_7V;-
1351;SMZA;SMZA;SAA;1;1;2;0;0;0;3;S1A2;SAA_FEMALE_3V;-
1352;SMZA OR TBB;SMZA OR TBB;SAATBB;1;1;2;1;2;0;6;S1A2T1B2;SAATBB_MIXED_6V;-
1353;SMZAAB;SMZAAB;SAAAB;1;1;3;0;1;0;5;S1A3B1;SAAAB_MIXED_5V;-
1354;SMZAATTB;SMZAATTB;SAAATTB;1;1;3;2;1;0;7;S1A3T2B1;SAAATTB_MIXED_7V;-
1355;SMZATB;SMZATB;SAATB;1;1;2;1;1;0;5;S1A2T1B1;SAATB_MIXED_5V;-
1356;SMZATB + BARITONE SOLO;SMZATB + BARITONE SOLO;SAATBB;1;1;2;1;2;0;6;S1A2T1B2;SAATBB_MIXED_6V;LETRA_ACEPTADA:B
1357;SMZATB + MEZZO SOLOIST;SMZATB + MEZZO SOLOIST;SAAATB;1;1;3;1;1;0;6;S1A3T1B1;SAAATB_MIXED_6V;LETRA_ACEPTADA:A
1358;SMZATB + SOLO;SMZATB + SOLO;SAATB;1;1;2;1;1;0;5;S1A2T1B1;SAATB_MIXED_5V;-
1359;SMZATB + SOLOIST;SMZATB + SOLOIST;SAATB;1;1;2;1;1;0;5;S1A2T1B1;SAATB_MIXED_5V;-
1360;SMZATBARB;SMZATBARB;SAATB;1;1;2;1;1;0;5;S1A2T1B1;SAATB_MIXED_5V;-
1361;SMZATBB;SMZATBB;SAATBB;1;1;2;1;2;0;6;S1A2T1B2;SAATBB_MIXED_6V;-
1362;SMZTTB;SMZTTB;SATTB;1;1;1;2;1;0;5;S1A1T2B1;SATTB_MIXED_5V;-
1363;SOLI;SOLI;INVALID_OR_INSTRUMENTAL;0;0;0;0;0;0;0;-;-;SIN_VOZES_IDENTIFICABLES
1364;SOLI B JESUS;SOLI B JESUS;B;1;0;0;0;1;0;1;B1;B_MALE_1V;LETRA_ACEPTADA:B
1365;SOLO;SOLO;INVALID_OR_INSTRUMENTAL;0;0;0;0;0;0;0;-;-;SIN_VOZES_IDENTIFICABLES
1367;SOLO AA;SOLO AA;AA;1;0;2;0;0;0;2;A2;AA_INNER_2V;-
1368;SOLO ALTO;SOLO ALTO;A;1;0;1;0;0;0;1;A1;A_INNER_1V;-
1369;SOLO AT;SOLO AT;AT;1;0;1;1;0;0;2;A1T1;AT_INNER_2V;-
1370;SOLO ATB;SOLO ATB;ATB;1;0;1;1;1;0;3;A1T1B1;ATB_ALT_MALE_3V;-
1371;SOLO B + SATB;SOLO B + SATB;SATBB;1;1;1;1;2;0;5;S1A1T1B2;SATBB_MIXED_5V;LETRA_ACEPTADA:B
1372;SOLO BARB;SOLO BARB;B;1;0;0;0;1;0;1;B1;B_MALE_1V;LETRA_ACEPTADA:B
1373;SOLO BARITONE;SOLO BARITONE;B;1;0;0;0;1;0;1;B1;B_MALE_1V;LETRA_ACEPTADA:B
1374;SOLO BARITONE AND SOLO BASS;SOLO BARITONE AND SOLO BASS;BB;1;0;0;0;2;0;2;B2;BB_MALE_2V;LETRA_ACEPTADA:B
1375;SOLO BARITONE OR BASS;SOLO BARITONE OR BASS;BB;1;0;0;0;2;0;2;B2;BB_MALE_2V;LETRA_ACEPTADA:B
1376;SOLO BARITONE OR SOLO MEZZOSOPRANO;SOLO BARITONE OR SOLO MEZZOSOPRANO;AB;1;0;1;0;1;0;2;A1B1;AB_ALT_MALE_2V;"MODIFICADOR_ELIMINADO; LETRA_ACEPTADA:B; LETRA_ACEPTADA:A"
1377;SOLO BARITONE/BASS;SOLO BARITONE/BASS;BB;1;0;0;0;2;0;2;B2;BB_MALE_2V;LETRA_ACEPTADA:B
1378;SOLO BARYTON + TTBB;SOLO BARYTON + TTBB;TTBBB;1;0;0;2;3;0;5;T2B3;TTBBB_MALE_5V;LETRA_ACEPTADA:B
1379;SOLO BASS;SOLO BASS;B;1;0;0;0;1;0;1;B1;B_MALE_1V;-
1380;SOLO BB;SOLO BB;BB;1;0;0;0;2;0;2;B2;BB_MALE_2V;-
1381;SOLO BBB;SOLO BBB;BBB;1;0;0;0;3;0;3;B3;BBB_MALE_3V;-
1382;SOLO COUNTERTENOR;SOLO COUNTERTENOR;TC;0;0;0;1;0;1;2;T1C1;TC_COUNTERTENOR_2V;MODIFICADOR_ELIMINADO
1383;SOLO COUNTERTENOR/ALTO;SOLO COUNTERTENOR/ALTO;ATC;0;0;1;1;0;1;3;A1T1C1;ATC_INNER_CT_3V;MODIFICADOR_ELIMINADO
1384;SOLO CTCT;SOLO CTCT;TTCC;0;0;0;2;0;2;4;T2C2;TTCC_COUNTERTENOR_4V;-
1385;SOLO HIGH;SOLO HIGH;INVALID_OR_INSTRUMENTAL;0;0;0;0;0;0;0;-;-;SIN_VOZES_IDENTIFICABLES
1386;SOLO LOW;SOLO LOW;INVALID_OR_INSTRUMENTAL;0;0;0;0;0;0;0;-;-;SIN_VOZES_IDENTIFICABLES
1387;SOLO MEDIUM;SOLO MEDIUM;INVALID_OR_INSTRUMENTAL;0;0;0;0;0;0;0;-;-;SIN_VOZES_IDENTIFICABLES
1388;SOLO MEZZO SOPRANO;SOLO MEZZO SOPRANO;A;1;0;1;0;0;0;1;A1;A_INNER_1V;"MODIFICADOR_ELIMINADO; LETRA_ACEPTADA:A"
1390;SOLO OR UNISON;SOLO OR UNISON;INVALID_OR_INSTRUMENTAL;0;0;0;0;0;0;0;-;-;SIN_VOZES_IDENTIFICABLES
1392;SOLO S OR A;SOLO S OR A;SA;1;1;1;0;0;0;2;S1A1;SA_FEMALE_2V;"LETRA_ACEPTADA:S; LETRA_ACEPTADA:A"
1393;SOLO SA;SOLO SA;SA;1;1;1;0;0;0;2;S1A1;SA_FEMALE_2V;-
1394;SOLO SATB;SOLO SATB;SATB;1;1;1;1;1;0;4;S1A1T1B1;SATB_MIXED_4V;-
1395;SOLO SATB + SATB;SOLO SATB + SATB;SSAATTBB;1;2;2;2;2;0;8;S2A2T2B2;SSAATTBB_MIXED_8V;-
1396;SOLO SATTB;SOLO SATTB;SATTB;1;1;1;2;1;0;5;S1A1T2B1;SATTB_MIXED_5V;-
1397;SOLO SB;SOLO SB;SB;1;1;0;0;1;0;2;S1B1;SB_MIXED_2V;-
1398;SOLO SCTB;SOLO SCTB;STBC;0;1;0;1;1;1;4;S1T1B1C1;STBC_MIXED_CT_4V;-
1399;SOLO SOPRANO;SOLO SOPRANO;S;1;1;0;0;0;0;1;S1;S_FEMALE_1V;-
1400;SOLO SOPRANO + SAA;SOLO SOPRANO + SAA;SSAA;1;2;2;0;0;0;4;S2A2;SSAA_FEMALE_4V;-
1401;SOLO SOPRANO + SATB;SOLO SOPRANO + SATB;SSATB;1;2;1;1;1;0;5;S2A1T1B1;SSATB_MIXED_5V;-
1402;SOLO SOPRANO AND MEZZO-SOPRANO;SOLO SOPRANO AND MEZZO-SOPRANO;SA;1;1;1;0;0;0;2;S1A1;SA_FEMALE_2V;"MODIFICADOR_ELIMINADO; LETRA_ACEPTADA:A"
1403;SOLO SOPRANO AND SATB;SOLO SOPRANO AND SATB;SSATB;1;2;1;1;1;0;5;S2A1T1B1;SSATB_MIXED_5V;-
1404;SOLO SS;SOLO SS;SS;1;2;0;0;0;0;2;S2;SS_FEMALE_2V;-
1405;SOLO SSA;SOLO SSA;SSA;1;2;1;0;0;0;3;S2A1;SSA_FEMALE_3V;-
1406;SOLO SSAB + SATB;SOLO SSAB + SATB;SSSAATBB;1;3;2;1;2;0;8;S3A2T1B2;SSSAATBB_MIXED_8V;-
1407;SOLO SSATB;SOLO SSATB;SSATB;1;2;1;1;1;0;5;S2A1T1B1;SSATB_MIXED_5V;-
1408;SOLO SSB;SOLO SSB;SSB;1;2;0;0;1;0;3;S2B1;SSB_MIXED_3V;-
1409;SOLO SSBB;SOLO SSBB;SSBB;1;2;0;0;2;0;4;S2B2;SSBB_MIXED_4V;-
1410;SOLO SSSB;SOLO SSSB;SSSB;1;3;0;0;1;0;4;S3B1;SSSB_MIXED_4V;-
1411;SOLO SST;SOLO SST;SST;1;2;0;1;0;0;3;S2T1;SST_FEMALE_3V;-
1412;SOLO SSTB;SOLO SSTB;SSTB;1;2;0;1;1;0;4;S2T1B1;SSTB_MIXED_4V;-
1413;SOLO SSTT;SOLO SSTT;SSTT;1;2;0;2;0;0;4;S2T2;SSTT_FEMALE_4V;-
1414;SOLO ST;SOLO ST;ST;1;1;0;1;0;0;2;S1T1;ST_FEMALE_2V;-
1415;SOLO STB;SOLO STB;STB;1;1;0;1;1;0;3;S1T1B1;STB_MIXED_3V;-
1416;SOLO STTB;SOLO STTB;STTB;1;1;0;2;1;0;4;S1T2B1;STTB_MIXED_4V;-
1417;SOLO T + SSATTB;SOLO T + SSATTB;SSATTTB;1;2;1;3;1;0;7;S2A1T3B1;SSATTTB_MIXED_7V;LETRA_ACEPTADA:T
1418;SOLO TB;SOLO TB;TB;1;0;0;1;1;0;2;T1B1;TB_MALE_2V;-
1419;SOLO TENOR;SOLO TENOR;T;1;0;0;1;0;0;1;T1;T_TENOR_1V;-
1420;SOLO TENOR + SATB;SOLO TENOR + SATB;SATTB;1;1;1;2;1;0;5;S1A1T2B1;SATTB_MIXED_5V;-
1421;SOLO TÉNOR + TTBB;SOLO TÉNOR + TTBB;TTTBB;1;0;0;3;2;0;5;T3B2;TTTBB_MALE_5V;-
1422;SOLO TT;SOLO TT;TT;1;0;0;2;0;0;2;T2;TT_TENOR_2V;-
1423;SOLO TTB;SOLO TTB;TTB;1;0;0;2;1;0;3;T2B1;TTB_MALE_3V;-
1424;SOLO VOICE;SOLO VOICE;INVALID_OR_INSTRUMENTAL;0;0;0;0;0;0;0;-;-;SIN_VOZES_IDENTIFICABLES
1425;SOLOIST + TTB OR ATB;SOLOIST + TTB OR ATB;ATTTBB;1;0;1;3;2;0;6;A1T3B2;ATTTBB_ALT_MALE_6V;-
1426;SOLOS;SOLOS;INVALID_OR_INSTRUMENTAL;0;0;0;0;0;0;0;-;-;SIN_VOZES_IDENTIFICABLES
1427;SOLOSVV;SOLOSVV;INVALID_OR_INSTRUMENTAL;0;0;0;0;0;0;0;-;-;SIN_VOZES_IDENTIFICABLES
1428;SOPRANO;SOPRANO;S;1;1;0;0;0;0;1;S1;S_FEMALE_1V;-
1429;SOPRANO AND TENOR DUET;SOPRANO AND TENOR DUET;ST;1;1;0;1;0;0;2;S1T1;ST_FEMALE_2V;-
1430;SOPRANO DUET;SOPRANO DUET;S;1;1;0;0;0;0;1;S1;S_FEMALE_1V;-
1431;SOPRANO DUETS;SOPRANO DUETS;S;1;1;0;0;0;0;1;S1;S_FEMALE_1V;-
1432;SOPRANO EURIDICE SOPRANO;SOPRANO EURIDICE SOPRANO;SS;1;2;0;0;0;0;2;S2;SS_FEMALE_2V;-
1433;SOPRANO SOLO;SOPRANO SOLO;S;1;1;0;0;0;0;1;S1;S_FEMALE_1V;-
1434;SOPRANO SOLO + SATB;SOPRANO SOLO + SATB;SSATB;1;2;1;1;1;0;5;S2A1T1B1;SSATB_MIXED_5V;-
1435;SOPRANO SOLOS;SOPRANO SOLOS;S;1;1;0;0;0;0;1;S1;S_FEMALE_1V;-
1436;SOPRANO SOLOS AND MENS CHORUS TB;SOPRANO SOLOS AND MENS CHORUS TB;STB;1;1;0;1;1;0;3;S1T1B1;STB_MIXED_3V;-
1437;SOPRANOS ONLY FOR LAST CHORD;SOPRANOS ONLY FOR LAST CHORD;S;1;1;0;0;0;0;1;S1;S_FEMALE_1V;-
1438;SS DUO;SS DUO;SS;1;2;0;0;0;0;2;S2;SS_FEMALE_2V;-
1439;SS.SAA;SS.SAA;SSSAA;1;3;2;0;0;0;5;S3A2;SSSAA_FEMALE_5V;-
1440;SS.SATB;SS.SATB;SSSATB;1;3;1;1;1;0;6;S3A1T1B1;SSSATB_MIXED_6V;-
1441;SS.SATB.SATB;SS.SATB.SATB;SSSSAATTBB;1;4;2;2;2;0;10;S4A2T2B2;SSSSAATTBB_MIXED_10V;-
1442;SS.SSA;SS.SSA;SSSSA;1;4;1;0;0;0;5;S4A1;SSSSA_FEMALE_5V;-
1443;SS.SSTBB;SS.SSTBB;SSSSTBB;0;4;0;1;2;0;7;S4T1B2;SSSSTBB_MIXED_7V;-
1444;SSA WITH SA SOLI;SSA WITH SA SOLI;SSSAA;1;3;2;0;0;0;5;S3A2;SSSAA_FEMALE_5V;-
1445;SSA.ATB.TTB;SSA.ATB.TTB;SSAATTTBB;1;2;2;3;2;0;9;S2A2T3B2;SSAATTTBB_MIXED_9V;-
1446;SSA.ATTB;SSA.ATTB;SSAATTB;1;2;2;2;1;0;7;S2A2T2B1;SSAATTB_MIXED_7V;-
1447;SSA.SATB;SSA.SATB;SSSAATB;1;3;2;1;1;0;7;S3A2T1B1;SSSAATB_MIXED_7V;-
1448;SSA.SATB.ATBB;SSA.SATB.ATBB;SSSAAATTBBB;0;3;3;2;3;0;11;S3A3T2B3;SSSAAATTBBB_MIXED_11V;-
1449;SSA.SSA;SSA.SSA;SSSSAA;1;4;2;0;0;0;6;S4A2;SSSSAA_FEMALE_6V;-
1450;SSA.SSA.SSA;SSA.SSA.SSA;SSSSSSAAA;0;6;3;0;0;0;9;S6A3;SSSSSSAAA_FEMALE_9V;-
1451;SSA.SSTB;SSA.SSTB;SSSSATB;1;4;1;1;1;0;7;S4A1T1B1;SSSSATB_MIXED_7V;-
1452;SSA.TB DIVISI;SSA.TB DIVISI;SSATB;1;2;1;1;1;0;5;S2A1T1B1;SSATB_MIXED_5V;-
1453;SSA.TTBBB;SSA.TTBBB;SSATTBBB;1;2;1;2;3;0;8;S2A1T2B3;SSATTBBB_MIXED_8V;-
1454;SSAA OR SSMZA;SSAA OR SSMZA;SSSSAAAA;1;4;4;0;0;0;8;S4A4;SSSSAAAA_FEMALE_8V;-
1455;SSAA.SATB;SSAA.SATB;SSSAAATB;0;3;3;1;1;0;8;S3A3T1B1;SSSAAATB_MIXED_8V;-
1456;SSAA.SATB.SATTB.ATTBB;SSAA.SATB.SATTB.ATTBB;SSSSAAAAATTTTTBBBB;0;4;5;5;4;0;18;S4A5T5B4;SSSSAAAAATTTTTBBBB_MIXED_18V;-
1457;SSAA.SATB.TTBB;SSAA.SATB.TTBB;SSSAAATTTBBB;1;3;3;3;3;0;12;S3A3T3B3;SSSAAATTTBBB_MIXED_12V;-
1458;SSAA.SATTB.SATB.ATTBB;SSAA.SATTB.SATB.ATTBB;SSSSAAAAATTTTTBBBB;0;4;5;5;4;0;18;S4A5T5B4;SSSSAAAAATTTTTBBBB_MIXED_18V;-
1459;SSAA.SATTBBB;SSAA.SATTBBB;SSSAAATTBBB;0;3;3;2;3;0;11;S3A3T2B3;SSSAAATTBBB_MIXED_11V;-
1460;SSAA.SSAA;SSAA.SSAA;SSSSAAAA;1;4;4;0;0;0;8;S4A4;SSSSAAAA_FEMALE_8V;-
1461;SSAA.TTBB;SSAA.TTBB;SSAATTBB;1;2;2;2;2;0;8;S2A2T2B2;SSAATTBB_MIXED_8V;-
1462;SSAAB.ATTBB;SSAAB.ATTBB;SSAAATTBBB;1;2;3;2;3;0;10;S2A3T2B3;SSAAATTBBB_MIXED_10V;-
1463;SSAAB.SATBB;SSAAB.SATBB;SSSAAATBBB;0;3;3;1;3;0;10;S3A3T1B3;SSSAAATBBB_MIXED_10V;-
1464;SSAAB.SSAAB;SSAAB.SSAAB;SSSSAAAABB;0;4;4;0;2;0;10;S4A4B2;SSSSAAAABB_MIXED_10V;-
1465;SSAABAR.ATBARB.TBARBARBARB;SSAABAR.ATBARB.TBARBARBARB;SSAAATTBBBBB;0;2;3;2;5;0;12;S2A3T2B5;SSAAATTBBBBB_MIXED_12V;-
1466;SSAAT.AATBB;SSAAT.AATBB;SSAAAATTBB;1;2;4;2;2;0;10;S2A4T2B2;SSAAAATTBB_MIXED_10V;-
1467;SSAAT.ATTBB;SSAAT.ATTBB;SSAAATTTBB;1;2;3;3;2;0;10;S2A3T3B2;SSAAATTTBB_MIXED_10V;-
1468;SSAAT.SATB.ATTBB;SSAAT.SATB.ATTBB;SSSAAAATTTTBBB;0;3;4;4;3;0;14;S3A4T4B3;SSSAAAATTTTBBB_MIXED_14V;-
1469;SSAAT.SATBB;SSAAT.SATBB;SSSAAATTBB;0;3;3;2;2;0;10;S3A3T2B2;SSSAAATTBB_MIXED_10V;-
1470;SSAAT.TBBBB;SSAAT.TBBBB;SSAATTBBBB;1;2;2;2;4;0;10;S2A2T2B4;SSAATTBBBB_MIXED_10V;-
1471;SSAATB + SOLISTA SILBIDO;SSAATB + SOLISTA SILBIDO;SSAATB;1;2;2;1;1;0;6;S2A2T1B1;SSAATB_MIXED_6V;-
1472;SSAATB OR SSTTBARB;SSAATB OR SSTTBARB;SSSSAATTTBB;1;4;2;3;2;0;11;S4A2T3B2;SSSSAATTTBB_MIXED_11V;-
1473;SSAATB.ATBBBB;SSAATB.ATBBBB;SSAAATTBBBBB;0;2;3;2;5;0;12;S2A3T2B5;SSAAATTBBBBB_MIXED_12V;-
1474;SSAATB.SATB;SSAATB.SATB;SSSAAATTBB;0;3;3;2;2;0;10;S3A3T2B2;SSSAAATTBB_MIXED_10V;-
1475;SSAATB.SATTBB;SSAATB.SATTBB;SSSAAATTTBBB;1;3;3;3;3;0;12;S3A3T3B3;SSSAAATTTBBB_MIXED_12V;-
1476;SSAATB.SSAATB.SAATBB.SATTBB;SSAATB.SSAATB.SAATBB.SATTBB;SSSSSSAAAAAAATTTTTBBBBBB;0;6;7;5;6;0;24;S6A7T5B6;SSSSSSAAAAAAATTTTTBBBBBB_MIXED_24V;-
1477;SSAATT.SATB.SSATTB;SSAATT.SATB.SSATTB;SSSSSAAAATTTTTBB;0;5;4;5;2;0;16;S5A4T5B2;SSSSSAAAATTTTTBB_MIXED_16V;-
1478;SSAATT.TTTBBB;SSAATT.TTTBBB;SSAATTTTTBBB;0;2;2;5;3;0;12;S2A2T5B3;SSAATTTTTBBB_MIXED_12V;-
1480;SSAATTB.SATBB;SSAATTB.SATBB;SSSAAATTTBBB;1;3;3;3;3;0;12;S3A3T3B3;SSSAAATTTBBB_MIXED_12V;-
1481;SSAATTBB + TENOR SOLO;SSAATTBB + TENOR SOLO;SSAATTTBB;1;2;2;3;2;0;9;S2A2T3B2;SSAATTTBB_MIXED_9V;-
1482;SSAATTBB ALSO SSSSAA AND TTTTBB VERSIONS;SSAATTBB ALSO SSSSAA AND TTTTBB VERSIONS;SSSSSSAAAATTTTTTBBBB;0;6;4;6;4;0;20;S6A4T6B4;SSSSSSAAAATTTTTTBBBB_MIXED_20V;-
1483;SSAATTBB SOLOIST AND SATTB CHOIR;SSAATTBB SOLOIST AND SATTB CHOIR;SSSAAATTTTBBB;1;3;3;4;3;0;13;S3A3T4B3;SSSAAATTTTBBB_MIXED_13V;-
1485;SSAATTBB.SATBB;SSAATTBB.SATBB;SSSAAATTTBBBB;0;3;3;3;4;0;13;S3A3T3B4;SSSAAATTTBBBB_MIXED_13V;-
1486;SSAATTBB.SSAATTBB;SSAATTBB.SSAATTBB;SSSSAAAATTTTBBBB;1;4;4;4;4;0;16;S4A4T4B4;SSSSAAAATTTTBBBB_MIXED_16V;-
1487;SSAATTBB.SSAATTBB.SSAATTBB;SSAATTBB.SSAATTBB.SSAATTBB;SSSSSSAAAAAATTTTTTBBBBBB;1;6;6;6;6;0;24;S6A6T6B6;SSSSSSAAAAAATTTTTTBBBBBB_MIXED_24V;-
1488;SSAB.ATBB;SSAB.ATBB;SSAATBBB;1;2;2;1;3;0;8;S2A2T1B3;SSAATBBB_MIXED_8V;-
1489;SSAB.ATTB;SSAB.ATTB;SSAATTBB;1;2;2;2;2;0;8;S2A2T2B2;SSAATTBB_MIXED_8V;-
1490;SSAB.SAAB;SSAB.SAAB;SSSAAABB;0;3;3;0;2;0;8;S3A3B2;SSSAAABB_MIXED_8V;-
1491;SSAB.SAAB.SATB;SSAB.SAAB.SATB;SSSSAAAATBBB;0;4;4;1;3;0;12;S4A4T1B3;SSSSAAAATBBB_MIXED_12V;-
1492;SSAB.SATB;SSAB.SATB;SSSAATBB;1;3;2;1;2;0;8;S3A2T1B2;SSSAATBB_MIXED_8V;-
1493;SSAB.SATB.ATBB.TBBB;SSAB.SATB.ATBB.TBBB;SSSAAATTTBBBBBBB;0;3;3;3;7;0;16;S3A3T3B7;SSSAAATTTBBBBBBB_MIXED_16V;-
1494;SSAB.SATB.ATTB;SSAB.SATB.ATTB;SSSAAATTTBBB;1;3;3;3;3;0;12;S3A3T3B3;SSSAAATTTBBB_MIXED_12V;-
1495;SSAB.SATB.ATTB OR SSAT.SATB.ATBB;SSAB.SATB.ATTB OR SSAT.SATB.ATBB;SSSSSSAAAAAATTTTTTBBBBBB;1;6;6;6;6;0;24;S6A6T6B6;SSSSSSAAAAAATTTTTTBBBBBB_MIXED_24V;-
1496;SSAB.SATB.SATB;SSAB.SATB.SATB;SSSSAAATTBBB;0;4;3;2;3;0;12;S4A3T2B3;SSSSAAATTBBB_MIXED_12V;-
1497;SSAB.SATB.SATB.SATB;SSAB.SATB.SATB.SATB;SSSSSAAAATTTBBBB;0;5;4;3;4;0;16;S5A4T3B4;SSSSSAAAATTTBBBB_MIXED_16V;-
1498;SSAB.SATTB;SSAB.SATTB;SSSAATTBB;1;3;2;2;2;0;9;S3A2T2B2;SSSAATTBB_MIXED_9V;-
1499;SSAB.SSAB;SSAB.SSAB;SSSSAABB;0;4;2;0;2;0;8;S4A2B2;SSSSAABB_MIXED_8V;-
1500;SSAB.SSATB OR SSAT.SATBB;SSAB.SSATB OR SSAT.SATBB;SSSSSSSAAAATTTBBBB;0;7;4;3;4;0;18;S7A4T3B4;SSSSSSSAAAATTTBBBB_MIXED_18V;-
1501;SSAB.STTB;SSAB.STTB;SSSATTBB;1;3;1;2;2;0;8;S3A1T2B2;SSSATTBB_MIXED_8V;-
1502;SSAB.TTBB;SSAB.TTBB;SSATTBBB;1;2;1;2;3;0;8;S2A1T2B3;SSATTBBB_MIXED_8V;-
1503;SSABAR.ATBARB;SSABAR.ATBARB;SSAATBB;1;2;2;1;2;0;7;S2A2T1B2;SSAATBB_MIXED_7V;-
1504;SSABAR.SATB;SSABAR.SATB;SSSAATBB;1;3;2;1;2;0;8;S3A2T1B2;SSSAATBB_MIXED_8V;-
1505;SSABAR.SATB.ATBARB.TBARBB;SSABAR.SATB.ATBARB.TBARBB;SSSAAATTTBBBBB;0;3;3;3;5;0;14;S3A3T3B5;SSSAAATTTBBBBB_MIXED_14V;-
1506;SSABAR.TBARBB.ATBARB.ATBARB;SSABAR.TBARBB.ATBARB.ATBARB;SSAAATTTBBBBB;0;2;3;3;5;0;13;S2A3T3B5;SSAAATTTBBBBB_MIXED_13V;-
1507;SSAT AND ATB VERSES;SSAT AND ATB VERSES;SSAATTB;1;2;2;2;1;0;7;S2A2T2B1;SSAATTB_MIXED_7V;-
1509;SSAT.AATB;SSAT.AATB;SSAAATTB;1;2;3;2;1;0;8;S2A3T2B1;SSAAATTB_MIXED_8V;-
1510;SSAT.ABB;SSAT.ABB;SSAATBB;1;2;2;1;2;0;7;S2A2T1B2;SSAATBB_MIXED_7V;-
1511;SSAT.ATB;SSAT.ATB;SSAATTB;1;2;2;2;1;0;7;S2A2T2B1;SSAATTB_MIXED_7V;-
1512;SSAT.ATBARB;SSAT.ATBARB;SSAATTB;1;2;2;2;1;0;7;S2A2T2B1;SSAATTB_MIXED_7V;-
1513;SSAT.ATBARBB;SSAT.ATBARBB;SSAATTBB;1;2;2;2;2;0;8;S2A2T2B2;SSAATTBB_MIXED_8V;-
1514;SSAT.ATBB;SSAT.ATBB;SSAATTBB;1;2;2;2;2;0;8;S2A2T2B2;SSAATTBB_MIXED_8V;-
1515;SSAT.ATBB.ATBB.TBBB;SSAT.ATBB.ATBB.TBBB;SSAAATTTTBBBBBBB;0;2;3;4;7;0;16;S2A3T4B7;SSAAATTTTBBBBBBB_MIXED_16V;-
1516;SSAT.ATBB.SATTB;SSAT.ATBB.SATTB;SSSAAATTTTBBB;1;3;3;4;3;0;13;S3A3T4B3;SSSAAATTTTBBB_MIXED_13V;-
1517;SSAT.ATBBB;SSAT.ATBBB;SSAATTBBB;1;2;2;2;3;0;9;S2A2T2B3;SSAATTBBB_MIXED_9V;-
1518;SSAT.ATTB;SSAT.ATTB;SSAATTTB;1;2;2;3;1;0;8;S2A2T3B1;SSAATTTB_MIXED_8V;-
1519;SSAT.ATTB.ATBB;SSAT.ATTB.ATBB;SSAAATTTTBBB;1;2;3;4;3;0;12;S2A3T4B3;SSAAATTTTBBB_MIXED_12V;-
1520;SSAT.ATTB.SATB;SSAT.ATTB.SATB;SSSAAATTTTBB;1;3;3;4;2;0;12;S3A3T4B2;SSSAAATTTTBB_MIXED_12V;-
1521;SSAT.ATTB.TBBB;SSAT.ATTB.TBBB;SSAATTTTBBBB;0;2;2;4;4;0;12;S2A2T4B4;SSAATTTTBBBB_MIXED_12V;-
1522;SSAT.ATTBARB;SSAT.ATTBARB;SSAATTTB;1;2;2;3;1;0;8;S2A2T3B1;SSAATTTB_MIXED_8V;-
1523;SSAT.ATTBB;SSAT.ATTBB;SSAATTTBB;1;2;2;3;2;0;9;S2A2T3B2;SSAATTTBB_MIXED_9V;-
1524;SSAT.SAAB.ATTB;SSAT.SAAB.ATTB;SSSAAAATTTBB;1;3;4;3;2;0;12;S3A4T3B2;SSSAAAATTTBB_MIXED_12V;-
1525;SSAT.SATB;SSAT.SATB;SSSAATTB;1;3;2;2;1;0;8;S3A2T2B1;SSSAATTB_MIXED_8V;-
1526;SSAT.SATB.AATB;SSAT.SATB.AATB;SSSAAAATTTBB;1;3;4;3;2;0;12;S3A4T3B2;SSSAAAATTTBB_MIXED_12V;-
1527;SSAT.SATB.AATBB;SSAT.SATB.AATBB;SSSAAAATTTBBB;0;3;4;3;3;0;13;S3A4T3B3;SSSAAAATTTBBB_MIXED_13V;-
1528;SSAT.SATB.ATBB;SSAT.SATB.ATBB;SSSAAATTTBBB;1;3;3;3;3;0;12;S3A3T3B3;SSSAAATTTBBB_MIXED_12V;-
1529;SSAT.SATB.ATBB.SSATB;SSAT.SATB.ATBB.SSATB;SSSSSAAAATTTTBBBB;0;5;4;4;4;0;17;S5A4T4B4;SSSSSAAAATTTTBBBB_MIXED_17V;-
1530;SSAT.SATB.ATBB.TBBB;SSAT.SATB.ATBB.TBBB;SSSAAATTTTBBBBBB;0;3;3;4;6;0;16;S3A3T4B6;SSSAAATTTTBBBBBB_MIXED_16V;-
1531;SSAT.SATB.ATTB;SSAT.SATB.ATTB;SSSAAATTTTBB;1;3;3;4;2;0;12;S3A3T4B2;SSSAAATTTTBB_MIXED_12V;-
1532;SSAT.SATB.ATTB.TTBB;SSAT.SATB.ATTB.TTBB;SSSAAATTTTTTBBBB;0;3;3;6;4;0;16;S3A3T6B4;SSSAAATTTTTTBBBB_MIXED_16V;-
1533;SSAT.SATB.SATB;SSAT.SATB.SATB;SSSSAAATTTBB;0;4;3;3;2;0;12;S4A3T3B2;SSSSAAATTTBB_MIXED_12V;-
1534;SSAT.SATB.SATB.AATB;SSAT.SATB.SATB.AATB;SSSSAAAAATTTTBBB;0;4;5;4;3;0;16;S4A5T4B3;SSSSAAAAATTTTBBB_MIXED_16V;-
1535;SSAT.SATB.SATBB.SATB;SSAT.SATB.SATBB.SATB;SSSSSAAAATTTTBBBB;0;5;4;4;4;0;17;S5A4T4B4;SSSSSAAAATTTTBBBB_MIXED_17V;-
1536;SSAT.SATBB OR SSAT.SAATB;SSAT.SATBB OR SSAT.SAATB;SSSSSSAAAAATTTTBBB;0;6;5;4;3;0;18;S6A5T4B3;SSSSSSAAAAATTTTBBB_MIXED_18V;-
1537;SSAT.SATBBB;SSAT.SATBBB;SSSAATTBBB;1;3;2;2;3;0;10;S3A2T2B3;SSSAATTBBB_MIXED_10V;-
1538;SSAT.SATT;SSAT.SATT;SSSAATTT;0;3;2;3;0;0;8;S3A2T3;SSSAATTT_FEMALE_8V;-
1539;SSAT.SATT.SATB.SATB;SSAT.SATT.SATB.SATB;SSSSSAAAATTTTTBB;0;5;4;5;2;0;16;S5A4T5B2;SSSSSAAAATTTTTBB_MIXED_16V;-
1540;SSAT.SATTB;SSAT.SATTB;SSSAATTTB;1;3;2;3;1;0;9;S3A2T3B1;SSSAATTTB_MIXED_9V;-
1541;SSAT.SATTB.SSATTB;SSAT.SATTB.SSATTB;SSSSSAAATTTTTBB;1;5;3;5;2;0;15;S5A3T5B2;SSSSSAAATTTTTBB_MIXED_15V;-
1542;SSAT.SATTTB;SSAT.SATTTB;SSSAATTTTB;0;3;2;4;1;0;10;S3A2T4B1;SSSAATTTTB_MIXED_10V;-
1543;SSAT.SSAT;SSAT.SSAT;SSSSAATT;0;4;2;2;0;0;8;S4A2T2;SSSSAATT_FEMALE_8V;-
1544;SSAT.SSAT.SATB.ATBB;SSAT.SSAT.SATB.ATBB;SSSSSAAAATTTTBBB;0;5;4;4;3;0;16;S5A4T4B3;SSSSSAAAATTTTBBB_MIXED_16V;-
1545;SSAT.SSATB;SSAT.SSATB;SSSSAATTB;0;4;2;2;1;0;9;S4A2T2B1;SSSSAATTB_MIXED_9V;-
1546;SSAT.STTTB;SSAT.STTTB;SSSATTTTB;0;3;1;4;1;0;9;S3A1T4B1;SSSATTTTB_MIXED_9V;-
1547;SSAT.TTBB;SSAT.TTBB;SSATTTBB;1;2;1;3;2;0;8;S2A1T3B2;SSATTTBB_MIXED_8V;-
1548;SSAT.TTTB;SSAT.TTTB;SSATTTTB;0;2;1;4;1;0;8;S2A1T4B1;SSATTTTB_MIXED_8V;-
1549;SSATB + BASS SOLOIST;SSATB + BASS SOLOIST;SSATBB;1;2;1;1;2;0;6;S2A1T1B2;SSATBB_MIXED_6V;-
1550;SSATB + DIV;SSATB + DIV;SSATB;1;2;1;1;1;0;5;S2A1T1B1;SSATB_MIXED_5V;-
1551;SSATB + MEZZO SOLOIST;SSATB + MEZZO SOLOIST;SSAATB;1;2;2;1;1;0;6;S2A2T1B1;SSAATB_MIXED_6V;LETRA_ACEPTADA:A
1552;SSATB + MZ SOLO;SSATB + MZ SOLO;SSAATB;1;2;2;1;1;0;6;S2A2T1B1;SSAATB_MIXED_6V;LETRA_ACEPTADA:A
1553;SSATB + OPTIONAL SS SOLOS;SSATB + OPTIONAL SS SOLOS;SSSSATB;1;4;1;1;1;0;7;S4A1T1B1;SSSSATB_MIXED_7V;-
1554;SSATB + SOLO;SSATB + SOLO;SSATB;1;2;1;1;1;0;5;S2A1T1B1;SSATB_MIXED_5V;-
1555;SSATB + SOLO A OR BAR;SSATB + SOLO A OR BAR;SSAATBB;1;2;2;1;2;0;7;S2A2T1B2;SSAATBB_MIXED_7V;"LETRA_ACEPTADA:A; LETRA_ACEPTADA:B"
1556;SSATB + SOLO B;SSATB + SOLO B;SSATBB;1;2;1;1;2;0;6;S2A1T1B2;SSATBB_MIXED_6V;LETRA_ACEPTADA:B
1557;SSATB + SOLO BARITONE;SSATB + SOLO BARITONE;SSATBB;1;2;1;1;2;0;6;S2A1T1B2;SSATBB_MIXED_6V;LETRA_ACEPTADA:B
1558;SSATB + SOLOIST;SSATB + SOLOIST;SSATB;1;2;1;1;1;0;5;S2A1T1B1;SSATB_MIXED_5V;-
1559;SSATB + SOLOISTS;SSATB + SOLOISTS;SSATB;1;2;1;1;1;0;5;S2A1T1B1;SSATB_MIXED_5V;-
1560;SSATB + SOPRANO;SSATB + SOPRANO;SSSATB;1;3;1;1;1;0;6;S3A1T1B1;SSSATB_MIXED_6V;-
1561;SSATB + SOPRANO SOLO;SSATB + SOPRANO SOLO;SSSATB;1;3;1;1;1;0;6;S3A1T1B1;SSSATB_MIXED_6V;-
1562;SSATB + STB SOLOISTS;SSATB + STB SOLOISTS;SSSATTBB;1;3;1;2;2;0;8;S3A1T2B2;SSSATTBB_MIXED_8V;-
1563;SSATB CHOIR AND SOLOISTS;SSATB CHOIR AND SOLOISTS;SSATB;1;2;1;1;1;0;5;S2A1T1B1;SSATB_MIXED_5V;-
1564;SSATB CREDO & 2ND AGNUS;SSATB CREDO & 2ND AGNUS;SSATB;1;2;1;1;1;0;5;S2A1T1B1;SSATB_MIXED_5V;-
1565;SSATB OR SMZATB;SSATB OR SMZATB;SSSAAATTBB;0;3;3;2;2;0;10;S3A3T2B2;SSSAAATTBB_MIXED_10V;-
1566;SSATB SOLI + SSATB RIPIENI;SSATB SOLI + SSATB RIPIENI;SSSSAATTBB;1;4;2;2;2;0;10;S4A2T2B2;SSSSAATTBB_MIXED_10V;-
1567;SSATB.ATB;SSATB.ATB;SSAATTBB;1;2;2;2;2;0;8;S2A2T2B2;SSAATTBB_MIXED_8V;-
1568;SSATB.ATB.ATB;SSATB.ATB.ATB;SSAAATTTBBB;1;2;3;3;3;0;11;S2A3T3B3;SSAAATTTBBB_MIXED_11V;-
1569;SSATB.ATBBB;SSATB.ATBBB;SSAATTBBBB;1;2;2;2;4;0;10;S2A2T2B4;SSAATTBBBB_MIXED_10V;-
1570;SSATB.ATTB;SSATB.ATTB;SSAATTTBB;1;2;2;3;2;0;9;S2A2T3B2;SSAATTTBB_MIXED_9V;-
1571;SSATB.ATTBB;SSATB.ATTBB;SSAATTTBBB;1;2;2;3;3;0;10;S2A2T3B3;SSAATTTBBB_MIXED_10V;-
1572;SSATB.ATTTB;SSATB.ATTTB;SSAATTTTBB;1;2;2;4;2;0;10;S2A2T4B2;SSAATTTTBB_MIXED_10V;-
1573;SSATB.SATB;SSATB.SATB;SSSAATTBB;1;3;2;2;2;0;9;S3A2T2B2;SSSAATTBB_MIXED_9V;-
1574;SSATB.SATB.A;SSATB.SATB.A;SSSAAATTBB;0;3;3;2;2;0;10;S3A3T2B2;SSSAAATTBB_MIXED_10V;LETRA_ACEPTADA:A
1575;SSATB.SATBB;SSATB.SATBB;SSSAATTBBB;1;3;2;2;3;0;10;S3A2T2B3;SSSAATTBBB_MIXED_10V;-
1576;SSATB.SATTB;SSATB.SATTB;SSSAATTTBB;1;3;2;3;2;0;10;S3A2T3B2;SSSAATTTBB_MIXED_10V;-
1577;SSATB.SSATB;SSATB.SSATB;SSSSAATTBB;1;4;2;2;2;0;10;S4A2T2B2;SSSSAATTBB_MIXED_10V;-
1578;SSATB.SSATB.SSATB.SSATB;SSATB.SSATB.SSATB.SSATB;SSSSSSSSAAAATTTTBBBB;0;8;4;4;4;0;20;S8A4T4B4;SSSSSSSSAAAATTTTBBBB_MIXED_20V;-
1579;SSATB.SSATB.ST.SSATB;SSATB.SSATB.ST.SSATB;SSSSSSSAAATTTTBBB;0;7;3;4;3;0;17;S7A3T4B3;SSSSSSSAAATTTTBBB_MIXED_17V;-
1580;SSATB.SSATB.TTTBB;SSATB.SSATB.TTTBB;SSSSAATTTTTBBBB;0;4;2;5;4;0;15;S4A2T5B4;SSSSAATTTTTBBBB_MIXED_15V;-
1581;SSATB.SSATTB;SSATB.SSATTB;SSSSAATTTBB;1;4;2;3;2;0;11;S4A2T3B2;SSSSAATTTBB_MIXED_11V;-
1582;SSATB.SSTTB;SSATB.SSTTB;SSSSATTTBB;0;4;1;3;2;0;10;S4A1T3B2;SSSSATTTBB_MIXED_10V;-
1583;SSATB.SSTTB.STBBB;SSATB.SSTTB.STBBB;SSSSSATTTTBBBBB;0;5;1;4;5;0;15;S5A1T4B5;SSSSSATTTTBBBBB_MIXED_15V;-
1584;SSATB.STBBB;SSATB.STBBB;SSSATTBBBB;0;3;1;2;4;0;10;S3A1T2B4;SSSATTBBBB_MIXED_10V;-
1585;SSATB.TB;SSATB.TB;SSATTBB;1;2;1;2;2;0;7;S2A1T2B2;SSATTBB_MIXED_7V;-
1586;SSATB.TTBARBB;SSATB.TTBARBB;SSATTTBBB;0;2;1;3;3;0;9;S2A1T3B3;SSATTTBBB_MIXED_9V;-
1587;SSATB.TTBBB;SSATB.TTBBB;SSATTTBBBB;0;2;1;3;4;0;10;S2A1T3B4;SSATTTBBBB_MIXED_10V;-
1588;SSATBAR.SSATBAR.TTTBB;SSATBAR.SSATBAR.TTTBB;SSSSAATTTTTBBBB;0;4;2;5;4;0;15;S4A2T5B4;SSSSAATTTTTBBBB_MIXED_15V;-
1589;SSATBAR.STBARBARB;SSATBAR.STBARBARB;SSSATTBBBB;0;3;1;2;4;0;10;S3A1T2B4;SSSATTBBBB_MIXED_10V;-
1590;SSATBB + MEZZO SOLO;SSATBB + MEZZO SOLO;SSAATBB;1;2;2;1;2;0;7;S2A2T1B2;SSAATBB_MIXED_7V;LETRA_ACEPTADA:A
1591;SSATBB.SATB.SSAT.ATBB;SSATBB.SATB.SSAT.ATBB;SSSSSAAAATTTTBBBBB;0;5;4;4;5;0;18;S5A4T4B5;SSSSSAAAATTTTBBBBB_MIXED_18V;-
1592;SSATBB.SSATBB.SSATBB;SSATBB.SSATBB.SSATBB;SSSSSSAAATTTBBBBBB;0;6;3;3;6;0;18;S6A3T3B6;SSSSSSAAATTTBBBBBB_MIXED_18V;-
1593;SSATT.TTBBB;SSATT.TTBBB;SSATTTTBBB;1;2;1;4;3;0;10;S2A1T4B3;SSATTTTBBB_MIXED_10V;-
1594;SSATTB SOLI;SSATTB SOLI;SSATTB;1;2;1;2;1;0;6;S2A1T2B1;SSATTB_MIXED_6V;-
1595;SSATTB.SAATTB.AATTBB;SSATTB.SAATTB.AATTBB;SSSAAAAATTTTTTBBBB;0;3;5;6;4;0;18;S3A5T6B4;SSSAAAAATTTTTTBBBB_MIXED_18V;-
1596;SSATTB.SATB;SSATTB.SATB;SSSAATTTBB;1;3;2;3;2;0;10;S3A2T3B2;SSSAATTTBB_MIXED_10V;-
1597;SSATTB.SATTB.SAATB;SSATTB.SATTB.SAATB;SSSSAAAATTTTTBBB;0;4;4;5;3;0;16;S4A4T5B3;SSSSAAAATTTTTBBB_MIXED_16V;-
1598;SSATTB.SSATBB.AATBBB.ATTBBB;SSATTB.SSATBB.AATBBB.ATTBBB;SSSSAAAAATTTTTTBBBBBBBBB;0;4;5;6;9;0;24;S4A5T6B9;SSSSAAAAATTTTTTBBBBBBBBB_MIXED_24V;-
1599;SSATTB.SSATTB;SSATTB.SSATTB;SSSSAATTTTBB;0;4;2;4;2;0;12;S4A2T4B2;SSSSAATTTTBB_MIXED_12V;-
1600;SSATTB.SSATTTBB;SSATTB.SSATTTBB;SSSSAATTTTTBBB;0;4;2;5;3;0;14;S4A2T5B3;SSSSAATTTTTBBB_MIXED_14V;-
1601;SSATTBAR.SSATBARB.AATBARBB.ATTBARBB;SSATTBAR.SSATBARB.AATBARBB.ATTBARBB;SSSSAAAAATTTTTTBBBBBB;0;4;5;6;6;0;21;S4A5T6B6;SSSSAAAAATTTTTTBBBBBB_MIXED_21V;-
1602;SSATTBB.SATB;SSATTBB.SATB;SSSAATTTBBB;0;3;2;3;3;0;11;S3A2T3B3;SSSAATTTBBB_MIXED_11V;-
1603;SSATTTBB.SSATTTBB.SSATTTBB;SSATTTBB.SSATTTBB.SSATTTBB;SSSSSSAAATTTTTTTTTBBBBBB;0;6;3;9;6;0;24;S6A3T9B6;SSSSSSAAATTTTTTTTTBBBBBB_MIXED_24V;-
1604;SSB AND ATB VERSES;SSB AND ATB VERSES;SSATBB;1;2;1;1;2;0;6;S2A1T1B2;SSATBB_MIXED_6V;-
1605;SSB TRIO;SSB TRIO;SSB;1;2;0;0;1;0;3;S2B1;SSB_MIXED_3V;-
1606;SSB.ATTB;SSB.ATTB;SSATTBB;1;2;1;2;2;0;7;S2A1T2B2;SSATTBB_MIXED_7V;-
1607;SSB.SAT;SSB.SAT;SSSATB;1;3;1;1;1;0;6;S3A1T1B1;SSSATB_MIXED_6V;-
1608;SSB.SATB;SSB.SATB;SSSATBB;1;3;1;1;2;0;7;S3A1T1B2;SSSATBB_MIXED_7V;-
1609;SSB.SATTB;SSB.SATTB;SSSATTBB;1;3;1;2;2;0;8;S3A1T2B2;SSSATTBB_MIXED_8V;-
1610;SSB.SSAT.TTBB;SSB.SSAT.TTBB;SSSSATTTBBB;0;4;1;3;3;0;11;S4A1T3B3;SSSSATTTBBB_MIXED_11V;-
1611;SSCTCTTB;SSCTCTTB;SSTTTBCC;0;2;0;3;1;2;8;S2T3B1C2;SSTTTBCC_MIXED_CT_8V;-
1612;SSMSA.MSAABAR.AATB;SSMSA.MSAABAR.AATB;SSSSAAAAATBB;1;4;5;1;2;0;12;S4A5T1B2;SSSSAAAAATBB_MIXED_12V;-
1613;SSMSATBARB;SSMSATBARB;SSSATB;1;3;1;1;1;0;6;S3A1T1B1;SSSATB_MIXED_6V;-
1614;SSMSATTB;SSMSATTB;SSSATTB;1;3;1;2;1;0;7;S3A1T2B1;SSSATTB_MIXED_7V;-
1615;SSMSMSA;SSMSMSA;SSSSA;1;4;1;0;0;0;5;S4A1;SSSSA_FEMALE_5V;-
1616;SSMZA;SSMZA;SSAA;1;2;2;0;0;0;4;S2A2;SSAA_FEMALE_4V;-
1617;SSMZACTTBARB;SSMZACTTBARB;SSAATTBC;0;2;2;2;1;1;8;S2A2T2B1C1;SSAATTBC_MIXED_CT_8V;-
1618;SSS.ATTB;SSS.ATTB;SSSATTB;1;3;1;2;1;0;7;S3A1T2B1;SSSATTB_MIXED_7V;-
1619;SSS.SAB.ATBB;SSS.SAB.ATBB;SSSSAATBBB;0;4;2;1;3;0;10;S4A2T1B3;SSSSAATBBB_MIXED_10V;-
1620;SSS.SATB;SSS.SATB;SSSSATB;1;4;1;1;1;0;7;S4A1T1B1;SSSSATB_MIXED_7V;-
1621;SSS.SATB.SATB;SSS.SATB.SATB;SSSSSAATTBB;0;5;2;2;2;0;11;S5A2T2B2;SSSSSAATTBB_MIXED_11V;-
1622;SSSA.ATBB;SSSA.ATBB;SSSAATBB;1;3;2;1;2;0;8;S3A2T1B2;SSSAATBB_MIXED_8V;-
1623;SSSA.SAAB.TTTB.SSAATTBBBBB;SSSA.SAAB.TTTB.SSAATTBBBBB;SSSSSSAAAAATTTTTBBBBBBB;0;6;5;5;7;0;23;S6A5T5B7;SSSSSSAAAAATTTTTBBBBBBB_MIXED_23V;-
1624;SSSA.SATB.ATBB;SSSA.SATB.ATBB;SSSSAAATTBBB;0;4;3;2;3;0;12;S4A3T2B3;SSSSAAATTBBB_MIXED_12V;-
1625;SSSA.SATBBB;SSSA.SATBBB;SSSSAATBBB;0;4;2;1;3;0;10;S4A2T1B3;SSSSAATBBB_MIXED_10V;-
1626;SSSA.SSAT.SSAB;SSSA.SSAT.SSAB;SSSSSSSAAATB;0;7;3;1;1;0;12;S7A3T1B1;SSSSSSSAAATB_MIXED_12V;-
1627;SSSA.SSSA;SSSA.SSSA;SSSSSSAA;1;6;2;0;0;0;8;S6A2;SSSSSSAA_FEMALE_8V;-
1628;SSSA.TTBB;SSSA.TTBB;SSSATTBB;1;3;1;2;2;0;8;S3A1T2B2;SSSATTBB_MIXED_8V;-
1629;SSSA.TTTB;SSSA.TTTB;SSSATTTB;1;3;1;3;1;0;8;S3A1T3B1;SSSATTTB_MIXED_8V;-
1630;SSSAB.TBBBB;SSSAB.TBBBB;SSSATBBBBB;0;3;1;1;5;0;10;S3A1T1B5;SSSATBBBBB_MIXED_10V;-
1631;SSSABAR.TBARBARBB;SSSABAR.TBARBARBB;SSSATBBBBB;0;3;1;1;5;0;10;S3A1T1B5;SSSATBBBBB_MIXED_10V;-
1632;SSSAT.ATBBB;SSSAT.ATBBB;SSSAATTBBB;1;3;2;2;3;0;10;S3A2T2B3;SSSAATTBBB_MIXED_10V;-
1633;SSSAT.ATTBB;SSSAT.ATTBB;SSSAATTTBB;1;3;2;3;2;0;10;S3A2T3B2;SSSAATTTBB_MIXED_10V;-
1634;SSSATB SOLI;SSSATB SOLI;SSSATB;1;3;1;1;1;0;6;S3A1T1B1;SSSATB_MIXED_6V;-
1635;SSSMSMSMSAA;SSSMSMSMSAA;SSSSSSAA;1;6;2;0;0;0;8;S6A2;SSSSSSAA_FEMALE_8V;-
1636;SSSS.AAAA.TTTT.BBBB;SSSS.AAAA.TTTT.BBBB;SSSSAAAATTTTBBBB;1;4;4;4;4;0;16;S4A4T4B4;SSSSAAAATTTTBBBB_MIXED_16V;-
1637;SSSS.AATBB;SSSS.AATBB;SSSSAATBB;1;4;2;1;2;0;9;S4A2T1B2;SSSSAATBB_MIXED_9V;-
1638;SSSS.BBBB;SSSS.BBBB;SSSSBBBB;0;4;0;0;4;0;8;S4B4;SSSSBBBB_MIXED_8V;-
1639;SSSS.SATB;SSSS.SATB;SSSSSATB;0;5;1;1;1;0;8;S5A1T1B1;SSSSSATB_MIXED_8V;-
1640;SSST.AATTB;SSST.AATTB;SSSAATTTB;1;3;2;3;1;0;9;S3A2T3B1;SSSAATTTB_MIXED_9V;-
1641;SSST.ATBB;SSST.ATBB;SSSATTBB;1;3;1;2;2;0;8;S3A1T2B2;SSSATTBB_MIXED_8V;-
1642;SSST.ATBB.SATB.SATB;SSST.ATBB.SATB.SATB;SSSSSAAATTTTBBBB;0;5;3;4;4;0;16;S5A3T4B4;SSSSSAAATTTTBBBB_MIXED_16V;-
1643;SSST.ATTB;SSST.ATTB;SSSATTTB;1;3;1;3;1;0;8;S3A1T3B1;SSSATTTB_MIXED_8V;-
1644;SSST.SAAB.STTB.TBBB;SSST.SAAB.STTB.TBBB;SSSSSAATTTTBBBBB;0;5;2;4;5;0;16;S5A2T4B5;SSSSSAATTTTBBBBB_MIXED_16V;-
1645;SSST.SAAT;SSST.SAAT;SSSSAATT;0;4;2;2;0;0;8;S4A2T2;SSSSAATT_FEMALE_8V;-
1646;SSST.SATB;SSST.SATB;SSSSATTB;0;4;1;2;1;0;8;S4A1T2B1;SSSSATTB_MIXED_8V;-
1647;SSST.SATB.AATB;SSST.SATB.AATB;SSSSAAATTTBB;0;4;3;3;2;0;12;S4A3T3B2;SSSSAAATTTBB_MIXED_12V;-
1648;SSST.SATB.SATB.ATBB;SSST.SATB.SATB.ATBB;SSSSSAAATTTTBBBB;0;5;3;4;4;0;16;S5A3T4B4;SSSSSAAATTTTBBBB_MIXED_16V;-
1649;SSST.SSATB.ATTBBB;SSST.SSATB.ATTBBB;SSSSSAATTTTBBBB;0;5;2;4;4;0;15;S5A2T4B4;SSSSSAATTTTBBBB_MIXED_15V;-
1650;SSST.SSST.SATT;SSST.SSST.SATT;SSSSSSSATTTT;0;7;1;4;0;0;12;S7A1T4;SSSSSSSATTTT_FEMALE_12V;-
1651;SST & AT VERSES;SST & AT VERSES;SSATT;1;2;1;2;0;0;5;S2A1T2;SSATT_FEMALE_5V;-
1652;SST AND AATB VERSES;SST AND AATB VERSES;SSAATTB;1;2;2;2;1;0;7;S2A2T2B1;SSAATTB_MIXED_7V;-
1653;SST.AAB;SST.AAB;SSAATB;1;2;2;1;1;0;6;S2A2T1B1;SSAATB_MIXED_6V;-
1654;SST.ATB;SST.ATB;SSATTB;1;2;1;2;1;0;6;S2A1T2B1;SSATTB_MIXED_6V;-
1655;SST.ATTB;SST.ATTB;SSATTTB;1;2;1;3;1;0;7;S2A1T3B1;SSATTTB_MIXED_7V;-
1656;SST.SATB;SST.SATB;SSSATTB;1;3;1;2;1;0;7;S3A1T2B1;SSSATTB_MIXED_7V;-
1657;SST.SST;SST.SST;SSSSTT;0;4;0;2;0;0;6;S4T2;SSSSTT_FEMALE_6V;-
1658;SSTB.AATB;SSTB.AATB;SSAATTBB;1;2;2;2;2;0;8;S2A2T2B2;SSAATTBB_MIXED_8V;-
1659;SSTB.ATBB.ATBB;SSTB.ATBB.ATBB;SSAATTTBBBBB;0;2;2;3;5;0;12;S2A2T3B5;SSAATTTBBBBB_MIXED_12V;-
1660;SSTB.ATTB;SSTB.ATTB;SSATTTBB;1;2;1;3;2;0;8;S2A1T3B2;SSATTTBB_MIXED_8V;-
1661;SSTB.SATB;SSTB.SATB;SSSATTBB;1;3;1;2;2;0;8;S3A1T2B2;SSSATTBB_MIXED_8V;-
1662;SSTB.TTTB;SSTB.TTTB;SSTTTTBB;1;2;0;4;2;0;8;S2T4B2;SSTTTTBB_MIXED_8V;-
1663;SSTBAR.ATBARB.ATBARB;SSTBAR.ATBARB.ATBARB;SSAATTTBBB;1;2;2;3;3;0;10;S2A2T3B3;SSAATTTBBB_MIXED_10V;-
1664;SSTBAR.TTTB;SSTBAR.TTTB;SSTTTTBB;1;2;0;4;2;0;8;S2T4B2;SSTTTTBB_MIXED_8V;-
1665;SSTBARB.ATBARB;SSTBARB.ATBARB;SSATTBB;1;2;1;2;2;0;7;S2A1T2B2;SSATTBB_MIXED_7V;-
1666;SSTT.ATTB;SSTT.ATTB;SSATTTTB;0;2;1;4;1;0;8;S2A1T4B1;SSATTTTB_MIXED_8V;-
1667;SSTT.SATB.AATBB;SSTT.SATB.AATBB;SSSAAATTTTBBB;1;3;3;4;3;0;13;S3A3T4B3;SSSAAATTTTBBB_MIXED_13V;-
1668;SSTT.TTTB;SSTT.TTTB;SSTTTTTB;0;2;0;5;1;0;8;S2T5B1;SSTTTTTB_MIXED_8V;-
1669;SSTTB.ATTBB;SSTTB.ATTBB;SSATTTTBBB;1;2;1;4;3;0;10;S2A1T4B3;SSATTTTBBB_MIXED_10V;-
1670;SSTTB.SSTTB;SSTTB.SSTTB;SSSSTTTTBB;1;4;0;4;2;0;10;S4T4B2;SSSSTTTTBB_MIXED_10V;-
1671;SSTTBARB.SATTBARB;SSTTBARB.SATTBARB;SSSATTTTBB;1;3;1;4;2;0;10;S3A1T4B2;SSSATTTTBB_MIXED_10V;-
1672;SSTTBB AND TTBB SEMI-CHORUS OR SOLOS;SSTTBB AND TTBB SEMI-CHORUS OR SOLOS;SSTTTTBBBB;0;2;0;4;4;0;10;S2T4B4;SSTTTTBBBB_MIXED_10V;MODIFICADOR_ELIMINADO
1673;ST IN DUET;ST IN DUET;ST;1;1;0;1;0;0;2;S1T1;ST_FEMALE_2V;-
1674;ST SOLO;ST SOLO;ST;1;1;0;1;0;0;2;S1T1;ST_FEMALE_2V;-
1676;ST.AB;ST.AB;SATB;1;1;1;1;1;0;4;S1A1T1B1;SATB_MIXED_4V;-
1677;ST.SATB;ST.SATB;SSATTB;1;2;1;2;1;0;6;S2A1T2B1;SSATTB_MIXED_6V;-
1678;ST.SATB.SATB;ST.SATB.SATB;SSSAATTTBB;1;3;2;3;2;0;10;S3A2T3B2;SSSAATTTBB_MIXED_10V;-
1679;ST.SATTB;ST.SATTB;SSATTTB;1;2;1;3;1;0;7;S2A1T3B1;SSATTTB_MIXED_7V;-
1680;ST.SSAT.SATB;ST.SSAT.SATB;SSSSAATTTB;1;4;2;3;1;0;10;S4A2T3B1;SSSSAATTTB_MIXED_10V;-
1681;ST.SSATB.SSATB.SSATB;ST.SSATB.SSATB.SSATB;SSSSSSSAAATTTTBBB;0;7;3;4;3;0;17;S7A3T4B3;SSSSSSSAAATTTTBBB_MIXED_17V;-
1682;STB.SATB;STB.SATB;SSATTBB;1;2;1;2;2;0;7;S2A1T2B2;SSATTBB_MIXED_7V;-
1683;STB.STB;STB.STB;SSTTBB;1;2;0;2;2;0;6;S2T2B2;SSTTBB_MIXED_6V;-
1684;STBAR.STB;STBAR.STB;SSTTBB;1;2;0;2;2;0;6;S2T2B2;SSTTBB_MIXED_6V;-
1685;STBARB /ATBARB;STBARB /ATBARB;SATTBB;1;1;1;2;2;0;6;S1A1T2B2;SATTBB_MIXED_6V;-
1686;STBARB.ATBARB.TBARBARB.STBARB;STBARB.ATBARB.TBARBARB.STBARB;SSATTTTBBBBBB;0;2;1;4;6;0;13;S2A1T4B6;SSATTTTBBBBBB_MIXED_13V;-
1687;STBB.STBB.ATBB.TBBB;STBB.STBB.ATBB.TBBB;SSATTTTBBBBBBBBB;0;2;1;4;9;0;16;S2A1T4B9;SSATTTTBBBBBBBBB_MIXED_16V;-
1688;STTB × 4 CHOIRS;STTB × 4 CHOIRS;STTB;1;1;0;2;1;0;4;S1T2B1;STTB_MIXED_4V;-
1689;STTB.ATTB;STTB.ATTB;SATTTTBB;1;1;1;4;2;0;8;S1A1T4B2;SATTTTBB_MIXED_8V;-
1690;STTB.SATB;STTB.SATB;SSATTTBB;1;2;1;3;2;0;8;S2A1T3B2;SSATTTBB_MIXED_8V;-
1691;STTB.SSAAT.TBBBB;STTB.SSAAT.TBBBB;SSSAATTTTBBBBB;0;3;2;4;5;0;14;S3A2T4B5;SSSAATTTTBBBBB_MIXED_14V;-
1692;STTB.SSATB;STTB.SSATB;SSSATTTBB;0;3;1;3;2;0;9;S3A1T3B2;SSSATTTBB_MIXED_9V;-
1693;STTB.STTB;STTB.STTB;SSTTTTBB;1;2;0;4;2;0;8;S2T4B2;SSTTTTBB_MIXED_8V;-
1694;STTB.STTB.STTB;STTB.STTB.STTB;SSSTTTTTTBBB;1;3;0;6;3;0;12;S3T6B3;SSSTTTTTTBBB_MIXED_12V;-
1695;STTB.STTB.STTB.STTB;STTB.STTB.STTB.STTB;SSSSTTTTTTTTBBBB;0;4;0;8;4;0;16;S4T8B4;SSSSTTTTTTTTBBBB_MIXED_16V;-
1696;STTB.STTTB;STTB.STTTB;SSTTTTTBB;0;2;0;5;2;0;9;S2T5B2;SSTTTTTBB_MIXED_9V;-
1697;STTB.TTTB;STTB.TTTB;STTTTTBB;0;1;0;5;2;0;8;S1T5B2;STTTTTBB_MIXED_8V;-
1698;STTB.TTTB.TBBB;STTB.TTTB.TBBB;STTTTTTBBBBB;0;1;0;6;5;0;12;S1T6B5;STTTTTTBBBBB_MIXED_12V;-
1699;STTBARB SAATB;STTBARB SAATB;SSAATTTBB;1;2;2;3;2;0;9;S2A2T3B2;SSAATTTBB_MIXED_9V;-
1700;STTBARB.STTBARB;STTBARB.STTBARB;SSTTTTBB;1;2;0;4;2;0;8;S2T4B2;SSTTTTBB_MIXED_8V;-
1701;STTBB.STTBB;STTBB.STTBB;SSTTTTBBBB;0;2;0;4;4;0;10;S2T4B4;SSTTTTBBBB_MIXED_10V;-
1702;STTTB.STTTB;STTTB.STTTB;SSTTTTTTBB;0;2;0;6;2;0;10;S2T6B2;SSTTTTTTBB_MIXED_10V;-
1703;T;T;T;1;0;0;1;0;0;1;T1;T_TENOR_1V;LETRA_ACEPTADA:T
1704;T & B SOLI;T & B SOLI;TB;1;0;0;1;1;0;2;T1B1;TB_MALE_2V;"LETRA_ACEPTADA:T; LETRA_ACEPTADA:B"
1705;T AND B;T AND B;TB;1;0;0;1;1;0;2;T1B1;TB_MALE_2V;"LETRA_ACEPTADA:T; LETRA_ACEPTADA:B"
1706;T AND STB;T AND STB;STTB;1;1;0;2;1;0;4;S1T2B1;STTB_MIXED_4V;LETRA_ACEPTADA:T
1707;T EVANGELISTA;T EVANGELISTA;INVALID_OR_INSTRUMENTAL;0;0;0;0;0;0;0;-;-;LETRA_DESCARTADA:T:sin contexto de voces
1708;T SOLO;T SOLO;T;1;0;0;1;0;0;1;T1;T_TENOR_1V;LETRA_ACEPTADA:T
1709;T SSATB;T SSATB;SSATTB;1;2;1;2;1;0;6;S2A1T2B1;SSATTB_MIXED_6V;LETRA_ACEPTADA:T
1711;T.S.SATB.SATB;T.S.SATB.SATB;SSSAATTTBB;1;3;2;3;2;0;10;S3A2T3B2;SSSAATTTBB_MIXED_10V;"LETRA_ACEPTADA:T; LETRA_ACEPTADA:S"
1712;T.SSTB;T.SSTB;SSTTB;1;2;0;2;1;0;5;S2T2B1;SSTTB_MIXED_5V;LETRA_ACEPTADA:T
1713;TB SATB;TB SATB;SATTBB;1;1;1;2;2;0;6;S1A1T2B2;SATTBB_MIXED_6V;-
1714;TB WITH BB;TB WITH BB;TBBB;1;0;0;1;3;0;4;T1B3;TBBB_MALE_4V;-
1715;TB.SAB;TB.SAB;SATBB;1;1;1;1;2;0;5;S1A1T1B2;SATBB_MIXED_5V;-
1716;TB.TB;TB.TB;TTBB;1;0;0;2;2;0;4;T2B2;TTBB_MALE_4V;-
1717;TBARB OR ATB;TBARB OR ATB;ATTBB;1;0;1;2;2;0;5;A1T2B2;ATTBB_ALT_MALE_5V;-
1718;TBB WITH SOLO T;TBB WITH SOLO T;TTBB;1;0;0;2;2;0;4;T2B2;TTBB_MALE_4V;LETRA_ACEPTADA:T
1719;TBB.TBB;TBB.TBB;TTBBBB;1;0;0;2;4;0;6;T2B4;TTBBBB_MALE_6V;-
1720;TBBB.TBBB.TBBB;TBBB.TBBB.TBBB;TTTBBBBBBBBB;0;0;0;3;9;0;12;T3B9;TTTBBBBBBBBB_MALE_12V;-
1721;TENOR;TENOR;T;1;0;0;1;0;0;1;T1;T_TENOR_1V;-
1722;TENOR AND BARITONE;TENOR AND BARITONE;TB;1;0;0;1;1;0;2;T1B1;TB_MALE_2V;LETRA_ACEPTADA:B
1723;TENOR AND BASS;TENOR AND BASS;TB;1;0;0;1;1;0;2;T1B1;TB_MALE_2V;-
1724;TENOR DUET;TENOR DUET;T;1;0;0;1;0;0;1;T1;T_TENOR_1V;-
1725;TENOR OR BARITONE SOLO;TENOR OR BARITONE SOLO;TB;1;0;0;1;1;0;2;T1B1;TB_MALE_2V;LETRA_ACEPTADA:B
1726;TENOR SOLO;TENOR SOLO;T;1;0;0;1;0;0;1;T1;T_TENOR_1V;-
1727;TENOR SOLO + SATB;TENOR SOLO + SATB;SATTB;1;1;1;2;1;0;5;S1A1T2B1;SATTB_MIXED_5V;-
1728;TENOR SOLO + TTBB;TENOR SOLO + TTBB;TTTBB;1;0;0;3;2;0;5;T3B2;TTTBB_MALE_5V;-
1729;TENOR SOLO IN 5;TENOR SOLO IN 5;T;1;0;0;1;0;0;1;T1;T_TENOR_1V;-
1730;TENOR SOLOS;TENOR SOLOS;T;1;0;0;1;0;0;1;T1;T_TENOR_1V;-
1731;TENOR/RIPIENO;TENOR/RIPIENO;T;1;0;0;1;0;0;1;T1;T_TENOR_1V;-
1732;TENORS;TENORS;T;1;0;0;1;0;0;1;T1;T_TENOR_1V;-
1733;TENORS AND BASS;TENORS AND BASS;TB;1;0;0;1;1;0;2;T1B1;TB_MALE_2V;-
1734;THIS MOVEMENT IS FOR SATT;THIS MOVEMENT IS FOR SATT;SATT;1;1;1;2;0;0;4;S1A1T2;SATT_FEMALE_4V;-
1735;TMOLUS TENOR;TMOLUS TENOR;T;1;0;0;1;0;0;1;T1;T_TENOR_1V;-
1736;TRCOTB;TRCOTB;INVALID_OR_INSTRUMENTAL;0;0;0;0;0;0;0;-;-;SIN_VOZES_IDENTIFICABLES
1737;TRCTB;TRCTB;TTBC;0;0;0;2;1;1;4;T2B1C1;TTBC_MALE_CT_4V;-
1738;TRCTTB;TRCTTB;TTTBC;0;0;0;3;1;1;5;T3B1C1;TTTBC_MALE_CT_5V;-
1739;TREB 1;TREB 1;INVALID_OR_INSTRUMENTAL;0;0;0;0;0;0;0;-;-;SIN_VOZES_IDENTIFICABLES
1740;TREB 2;TREB 2;INVALID_OR_INSTRUMENTAL;0;0;0;0;0;0;0;-;-;SIN_VOZES_IDENTIFICABLES
1741;TREBLE;TREBLE;INVALID_OR_INSTRUMENTAL;0;0;0;0;0;0;0;-;-;SIN_VOZES_IDENTIFICABLES
1742;TREBLE AND SATB;TREBLE AND SATB;SATB;1;1;1;1;1;0;4;S1A1T1B1;SATB_MIXED_4V;-
1743;TREBLE DUET;TREBLE DUET;INVALID_OR_INSTRUMENTAL;0;0;0;0;0;0;0;-;-;SIN_VOZES_IDENTIFICABLES
1744;TREBLE SOLO;TREBLE SOLO;INVALID_OR_INSTRUMENTAL;0;0;0;0;0;0;0;-;-;SIN_VOZES_IDENTIFICABLES
1745;TREBLE VOICES OR FEMALE VOICES;TREBLE VOICES OR FEMALE VOICES;INVALID_OR_INSTRUMENTAL;0;0;0;0;0;0;0;-;-;SIN_VOZES_IDENTIFICABLES
1746;TREBLES;TREBLES;INVALID_OR_INSTRUMENTAL;0;0;0;0;0;0;0;-;-;SIN_VOZES_IDENTIFICABLES
1747;TRIPLEXMEDIUSCTTB;TRIPLEXMEDIUSCTTB;INVALID_OR_INSTRUMENTAL;0;0;0;0;0;0;0;-;-;SIN_VOZES_IDENTIFICABLES
1748;TRMAATB;TRMAATB;AATTB;1;0;2;2;1;0;5;A2T2B1;AATTB_ALT_MALE_5V;-
1749;TRMCTTB;TRMCTTB;TTTBC;0;0;0;3;1;1;5;T3B1C1;TTTBC_MALE_CT_5V;-
1750;TRMCTTTB;TRMCTTTB;TTTTBC;0;0;0;4;1;1;6;T4B1C1;TTTTBC_MALE_CT_6V;-
1751;TRMMTTCTB;TRMMTTCTB;TTTTBC;0;0;0;4;1;1;6;T4B1C1;TTTTBC_MALE_CT_6V;-
1752;TROMBON;TROMBON;INVALID_OR_INSTRUMENTAL;0;0;0;0;0;0;0;-;-;SIN_VOZES_IDENTIFICABLES
1753;TROMBONE 2;TROMBONE 2;INVALID_OR_INSTRUMENTAL;0;0;0;0;0;0;0;-;-;SIN_VOZES_IDENTIFICABLES
1754;TRTRB TRIOS;TRTRB TRIOS;TTB;1;0;0;2;1;0;3;T2B1;TTB_MALE_3V;-
1755;TTB AND TTBB;TTB AND TTBB;TTTTBBB;0;0;0;4;3;0;7;T4B3;TTTTBBB_MALE_7V;-
1756;TTB.ATTB.SAATTB;TTB.ATTB.SAATTB;SAAATTTTTTBBB;0;1;3;6;3;0;13;S1A3T6B3;SAAATTTTTTBBB_MIXED_13V;-
1757;TTB.SSATB;TTB.SSATB;SSATTTBB;1;2;1;3;2;0;8;S2A1T3B2;SSATTTBB_MIXED_8V;-
1758;TTB.TTB;TTB.TTB;TTTTBB;1;0;0;4;2;0;6;T4B2;TTTTBB_MALE_6V;-
1759;TTB.TTTB;TTB.TTTB;TTTTTBB;0;0;0;5;2;0;7;T5B2;TTTTTBB_MALE_7V;-
1760;TTBAR B B OR ATT B B;TTBAR B B OR ATT B B;ATTTTBBBBB;0;0;1;4;5;0;10;A1T4B5;ATTTTBBBBB_ALT_MALE_10V;"LETRA_ACEPTADA:B; LETRA_ACEPTADA:B; LETRA_ACEPTADA:B; LETRA_ACEPTADA:B"
1761;TTBARB G-G';TTBARB G-G';INVALID_OR_INSTRUMENTAL;0;0;0;0;0;0;0;-;-;TRANSPOSICION_PAR_DE_NOTAS
1762;TTBARB OR TTTB;TTBARB OR TTTB;TTTTTBB;0;0;0;5;2;0;7;T5B2;TTTTTBB_MALE_7V;-
1763;TTBB + TENOR SOLO;TTBB + TENOR SOLO;TTTBB;1;0;0;3;2;0;5;T3B2;TTTBB_MALE_5V;-
1764;TTBB SOLI & TTBB CHOIR;TTBB SOLI & TTBB CHOIR;TTTTBBBB;1;0;0;4;4;0;8;T4B4;TTTTBBBB_MALE_8V;-
1765;TTBB.SSTTBB;TTBB.SSTTBB;SSTTTTBBBB;0;2;0;4;4;0;10;S2T4B4;SSTTTTBBBB_MIXED_10V;-
1766;TTBB.TTBB;TTBB.TTBB;TTTTBBBB;1;0;0;4;4;0;8;T4B4;TTTTBBBB_MALE_8V;-
1767;TTTB.TTB;TTTB.TTB;TTTTTBB;0;0;0;5;2;0;7;T5B2;TTTTTBB_MALE_7V;-
1768;TTTT OR BBBB;TTTT OR BBBB;TTTTBBBB;1;0;0;4;4;0;8;T4B4;TTTTBBBB_MALE_8V;-
1769;TWO EQUAL VOICES;TWO EQUAL VOICES;INVALID_OR_INSTRUMENTAL;0;0;0;0;0;0;0;-;-;SIN_VOZES_IDENTIFICABLES
1770;TWO SOLO SOPRANOS;TWO SOLO SOPRANOS;SS;1;2;0;0;0;0;2;S2;SS_FEMALE_2V;MULTIPLICADOR:2xSOPRANOS
1771;TWO-PART EQUAL OR MIXED CHOIR;TWO-PART EQUAL OR MIXED CHOIR;INVALID_OR_INSTRUMENTAL;0;0;0;0;0;0;0;-;-;SIN_VOZES_IDENTIFICABLES
1772;UNDEFINED SOLO;UNDEFINED SOLO;INVALID_OR_INSTRUMENTAL;0;0;0;0;0;0;0;-;-;SIN_VOZES_IDENTIFICABLES
1773;UNISON CHOIR;UNISON CHOIR;INVALID_OR_INSTRUMENTAL;0;0;0;0;0;0;0;-;-;SIN_VOZES_IDENTIFICABLES
1774;UNISON CHOIR OR SOLO VOICE;UNISON CHOIR OR SOLO VOICE;INVALID_OR_INSTRUMENTAL;0;0;0;0;0;0;0;-;-;SIN_VOZES_IDENTIFICABLES
1775;UNISON FEMALE VOICES;UNISON FEMALE VOICES;INVALID_OR_INSTRUMENTAL;0;0;0;0;0;0;0;-;-;SIN_VOZES_IDENTIFICABLES
1776;UNISON MIXED CHORUS;UNISON MIXED CHORUS;INVALID_OR_INSTRUMENTAL;0;0;0;0;0;0;0;-;-;SIN_VOZES_IDENTIFICABLES
1777;UNISON SOPRANOS;UNISON SOPRANOS;S;1;1;0;0;0;0;1;S1;S_FEMALE_1V;-
1778;UNISON VOICES AND PIANO;UNISON VOICES AND PIANO;INVALID_OR_INSTRUMENTAL;0;0;0;0;0;0;0;-;-;SIN_VOZES_IDENTIFICABLES
1779;UNISON WITH OPTIONAL DIVISI;UNISON WITH OPTIONAL DIVISI;INVALID_OR_INSTRUMENTAL;0;0;0;0;0;0;0;-;-;SIN_VOZES_IDENTIFICABLES
1780;UNISONO;UNISONO;INVALID_OR_INSTRUMENTAL;0;0;0;0;0;0;0;-;-;SIN_VOZES_IDENTIFICABLES
1781;V;V;INVALID_OR_INSTRUMENTAL;0;0;0;0;0;0;0;-;-;SIN_VOZES_IDENTIFICABLES
1782;VARIOUS;VARIOUS;INVALID_OR_INSTRUMENTAL;0;0;0;0;0;0;0;-;-;SIN_VOZES_IDENTIFICABLES
1783;VOICE;VOICE;INVALID_OR_INSTRUMENTAL;0;0;0;0;0;0;0;-;-;SIN_VOZES_IDENTIFICABLES
1784;VOICES WITH S DESCANT;VOICES WITH S DESCANT;S;1;1;0;0;0;0;1;S1;S_FEMALE_1V;LETRA_ACEPTADA:S
1785;WHETHER STSTAB IS ACTUALLY INTENDED;WHETHER STSTAB IS ACTUALLY INTENDED;SSATTB;1;2;1;2;1;0;6;S2A1T2B1;SSATTB_MIXED_6V;-
1786;WITH 11 SOLO ROLES;WITH 11 SOLO ROLES;INVALID_OR_INSTRUMENTAL;0;0;0;0;0;0;0;-;-;SIN_VOZES_IDENTIFICABLES
1787;WITH A FEW OCTAVES;WITH A FEW OCTAVES;INVALID_OR_INSTRUMENTAL;0;0;0;0;0;0;0;-;-;LETRA_DESCARTADA:A:sin contexto de voces
1788;WITH ATB & SSAB VERSE SECTIONS;WITH ATB & SSAB VERSE SECTIONS;SSAATBB;1;2;2;1;2;0;7;S2A2T1B2;SSAATBB_MIXED_7V;-
1789;WITH ATBB VERSE;WITH ATBB VERSE;ATBB;1;0;1;1;2;0;4;A1T1B2;ATBB_ALT_MALE_4V;-
1790;WITH B SOLO;WITH B SOLO;B;1;0;0;0;1;0;1;B1;B_MALE_1V;LETRA_ACEPTADA:B
1791;WITH BASS SOLO;WITH BASS SOLO;B;1;0;0;0;1;0;1;B1;B_MALE_1V;-
1792;WITH S;WITH S;S;1;1;0;0;0;0;1;S1;S_FEMALE_1V;LETRA_ACEPTADA:S
1793;WITH S & B SOLOS;WITH S & B SOLOS;SB;1;1;0;0;1;0;2;S1B1;SB_MIXED_2V;"LETRA_ACEPTADA:S; LETRA_ACEPTADA:B"
1794;WITH S OR T SOLO;WITH S OR T SOLO;ST;1;1;0;1;0;0;2;S1T1;ST_FEMALE_2V;"LETRA_ACEPTADA:S; LETRA_ACEPTADA:T"
1795;WITH S SOLO;WITH S SOLO;S;1;1;0;0;0;0;1;S1;S_FEMALE_1V;LETRA_ACEPTADA:S
1796;WITH SATB CHORUS;WITH SATB CHORUS;SATB;1;1;1;1;1;0;4;S1A1T1B1;SATB_MIXED_4V;-
1797;WITH SATB SOLI;WITH SATB SOLI;SATB;1;1;1;1;1;0;4;S1A1T1B1;SATB_MIXED_4V;-
1798;WITH SSA;WITH SSA;SSA;1;2;1;0;0;0;3;S2A1;SSA_FEMALE_3V;-
1799;WITH SSA AND ATB VERSES;WITH SSA AND ATB VERSES;SSAATB;1;2;2;1;1;0;6;S2A2T1B1;SSAATB_MIXED_6V;-
1800;WITH SST;WITH SST;SST;1;2;0;1;0;0;3;S2T1;SST_FEMALE_3V;-
1801;WITH TENOR SOLO;WITH TENOR SOLO;T;1;0;0;1;0;0;1;T1;T_TENOR_1V;-
1802;WOMEN;WOMEN;INVALID_OR_INSTRUMENTAL;0;0;0;0;0;0;0;-;-;SIN_VOZES_IDENTIFICABLES
1803;WWMM;WWMM;INVALID_OR_INSTRUMENTAL;0;0;0;0;0;0;0;-;-;SIN_VOZES_IDENTIFICABLES
1804;XS.SATB;XS.SATB;SATB;1;1;1;1;1;0;4;S1A1T1B1;SATB_MIXED_4V;-
